user_id,product_id,rating
1,178,2
1,309,3
1,298,5
1,249,1
1,210,3
2,140,2
2,205,5
2,198,3
2,186,1
2,151,3
2,193,4
2,313,2
2,149,5
2,270,1
2,153,5
2,250,1
2,204,5
2,160,3
2,272,1
2,164,5
3,319,3
3,126,4
3,214,2
3,320,1
3,170,4
3,71,3
3,302,2
3,318,1
3,325,5
3,265,1
3,89,4
3,108,3
3,160,5
3,277,1
4,253,3
4,108,5
4,238,1
4,78,4
4,318,2
4,268,3
4,322,4
4,99,2
4,105,1
4,153,5
4,138,4
4,338,5
4,235,3
4,193,2
4,219,4
5,304,4
5,242,4
5,276,1
5,153,3
5,189,3
5,310,3
5,182,5
5,114,4
5,177,5
5,274,2
5,96,3
5,122,1
5,317,1
5,162,3
6,159,5
6,73,5
6,191,3
6,226,4
6,189,5
7,284,5
7,245,3
7,192,2
7,131,2
7,210,3
7,201,2
7,69,3
7,299,5
7,259,1
8,338,5
8,110,3
8,274,3
8,287,5
8,117,5
8,118,1
8,313,1
8,191,1
8,135,1
8,166,2
8,258,1
8,238,5
8,175,5
9,159,1
9,133,3
9,147,3
9,77,4
9,113,2
10,75,4
10,325,5
10,159,5
10,323,4
10,195,4
10,210,2
10,330,2
10,116,3
10,189,3
10,147,1
10,144,2
10,124,2
11,233,3
11,332,4
11,256,1
11,118,5
11,234,1
11,148,5
11,105,2
11,265,3
11,305,2
11,95,5
12,200,1
12,284,5
12,270,2
12,189,4
12,148,5
12,338,5
12,185,2
12,289,5
12,196,2
13,194,4
13,121,1
13,202,1
13,252,5
13,87,3
13,174,3
13,152,2
14,203,1
14,308,5
14,141,5
14,325,1
14,329,2
14,233,4
14,254,5
14,292,3
14,247,4
14,133,2
14,126,2
14,209,5
14,196,4
14,158,2
15,176,5
15,180,2
15,248,1
15,127,1
15,240,3
15,150,2
16,181,4
16,303,3
16,249,4
16,188,3
16,117,1
16,294,4
16,121,4
16,177,2
16,169,2
16,284,1
16,215,2
16,222,2
16,333,5
16,127,2
17,115,2
17,313,3
17,237,2
17,221,5
17,144,1
17,95,5
17,308,4
17,157,5
17,338,2
17,278,3
17,256,3
17,135,3
18,294,4
18,316,5
18,173,2
18,69,3
18,126,1
18,287,3
18,103,5
18,176,1
18,239,4
18,99,4
18,122,2
18,325,3
18,201,3
19,243,3
19,287,4
19,186,1
19,108,5
19,249,2
19,224,2
19,204,5
19,156,3
19,339,4
19,313,5
19,113,1
19,268,2
19,273,2
20,335,1
20,77,4
20,273,5
20,136,2
20,254,1
20,157,1
20,227,1
20,109,3
20,217,3
20,129,4
20,146,1
20,328,3
20,121,4
20,81,2
20,314,5
21,204,2
21,308,2
21,307,4
21,151,2
21,139,2
21,107,1
22,218,4
22,209,5
22,293,3
22,174,4
22,126,2
22,336,3
22,208,4
22,237,4
22,79,5
22,212,5
22,234,4
23,293,1
23,203,4
23,212,2
23,97,1
23,195,1
23,256,1
23,298,5
23,152,5
23,203,5
23,108,5
23,202,2
23,159,3
23,83,5
24,289,3
24,302,2
24,296,1
24,245,4
24,206,2
24,251,3
24,158,5
24,161,5
25,167,4
25,334,5
25,320,2
25,322,5
25,296,5
25,155,1
25,269,2
26,143,3
26,139,4
26,166,3
26,275,1
26,236,4
26,153,5
26,228,5
26,204,2
26,312,3
27,221,5
27,86,3
27,217,1
27,278,3
27,170,4
27,322,3
27,301,2
27,183,4
28,114,2
28,252,1
28,289,4
28,168,5
28,311,1
28,246,1
28,77,3
28,108,5
29,336,5
29,99,1
29,269,3
29,311,5
29,303,3
29,148,3
29,75,4
29,266,1
30,86,2
30,302,2
30,151,1
30,174,4
30,123,2
30,251,3
31,200,4
31,84,5
31,312,4
31,290,4
31,303,4
31,140,1
31,251,3
31,299,4
31,143,5
31,85,4
31,150,2
31,148,2
32,306,2
32,316,5
32,131,3
32,311,1
32,279,5
32,255,2
32,195,1
32,302,2
32,331,1
32,128,3
32,128,5
33,80,3
33,259,4
33,203,5
33,305,5
33,116,2
33,267,2
33,327,2
33,159,3
33,87,4
33,132,3
33,311,2
34,111,2
34,298,2
34,305,1
34,300,3
34,82,4
34,258,1
34,280,2
34,223,5
34,276,4
34,325,2
34,250,5
35,182,3
35,260,3
35,274,1
35,221,5
35,223,5
35,273,2
35,285,1
35,315,2
35,338,2
35,172,2
35,165,2
35,157,5
35,331,5
35,186,1
35,82,3
36,143,4
36,245,2
36,310,1
36,309,2
36,239,5
36,279,4
36,156,1
36,168,1
36,186,2
36,218,1
37,86,2
37,177,3
37,267,3
37,189,2
37,288,3
37,226,2
37,294,3
37,132,3
37,101,4
37,317,4
37,310,4
38,228,2
38,134,1
38,338,5
38,333,5
38,185,2
38,307,4
38,285,2
38,82,1
38,166,4
38,97,5
38,141,4
38,307,2
38,190,5
39,268,2
39,281,2
39,303,4
39,211,2
39,285,1
39,193,3
40,216,2
40,103,5
40,141,1
40,242,5
40,295,5
40,295,1
40,70,2
40,224,4
41,157,1
41,157,1
41,234,2
41,69,4
41,166,5
41,311,2
41,256,3
42,211,5
42,264,4
42,307,5
42,189,5
42,210,3
42,162,3
42,259,2
42,310,3
42,316,3
42,316,3
42,322,3
43,100,2
43,288,4
43,72,3
43,314,4
43,95,4
43,100,3
44,327,4
44,206,5
44,236,3
44,178,1
44,336,2
44,291,1
44,110,5
44,74,5
45,132,2
45,154,5
45,160,1
45,261,4
45,243,1
45,177,2
45,172,1
45,284,3
45,327,4
45,203,5
45,168,4
46,181,1
46,138,5
46,119,4
46,90,5
46,107,2
46,85,2
46,182,2
46,227,5
46,260,3
47,180,4
47,280,4
47,213,2
47,279,1
47,330,5
47,92,5
47,262,5
47,290,4
47,88,1
47,147,3
47,205,1
47,76,3
47,251,5
47,170,1
48,260,4
48,296,5
48,320,1
48,319,4
48,220,3
48,177,1
48,76,5
48,224,4
49,247,3
49,261,1
49,224,5
49,325,5
49,106,3
49,331,4
49,211,4
49,101,3
49,310,1
49,224,1
49,328,1
49,170,4
49,304,1
49,263,1
50,162,5
50,323,3
50,106,2
50,331,5
50,85,5
50,135,2
50,313,3
50,191,5
50,78,2
50,329,5
50,185,5
50,188,4
50,331,3
50,293,1
51,167,5
51,96,1
51,106,3
51,150,1
51,332,5
51,138,2
51,148,5
52,161,5
52,252,2
52,292,4
52,113,4
52,172,1
53,215,4
53,319,2
53,324,2
53,185,5
53,186,3
53,258,5
53,241,3
53,148,2
53,156,2
54,127,5
54,239,2
54,251,1
54,250,4
54,146,4
54,223,1
54,111,2
54,277,4
54,332,4
54,98,3
54,81,1
54,331,2
55,243,2
55,87,3
55,161,2
55,176,1
55,133,2
56,252,1
56,157,3
56,97,3
56,213,1
56,158,2
56,201,3
56,336,4
56,245,3
56,159,2
56,338,5
56,134,4
57,138,4
57,178,4
57,115,5
57,141,3
57,214,5
57,311,5
57,178,5
57,207,1
57,74,1
57,223,4
57,206,4
58,325,2
58,255,1
58,266,2
58,159,1
58,101,2
58,95,3
58,226,5
58,265,5
58,229,1
58,243,4
58,77,3
59,309,3
59,223,2
59,139,1
59,179,2
59,302,2
59,268,5
59,311,4
60,257,2
60,272,3
60,83,2
60,112,2
60,235,3
60,236,3
60,247,5
60,306,3
60,232,5
60,109,1
60,120,4
60,263,5
61,201,3
61,113,2
61,146,5
61,124,2
61,227,1
61,229,5
61,103,3
61,78,4
61,336,4
61,156,2
62,244,3
62,143,5
62,86,4
62,213,2
62,252,3
62,95,2
62,245,3
62,199,4
62,254,5
62,292,5
62,145,4
62,324,1
62,69,2
63,307,2
63,283,1
63,202,1
63,259,3
63,213,5
63,98,1
63,195,3
63,169,5
63,109,3
64,301,4
64,320,4
64,268,2
64,306,4
64,210,1
64,285,1
64,308,3
64,123,4
64,198,4
64,217,5
64,248,5
65,162,2
65,316,3
65,240,3
65,256,3
65,154,3
65,284,5
65,207,5
65,108,1
65,220,1
65,219,2
66,127,5
66,169,2
66,102,2
66,310,1
66,335,5
66,149,4
66,109,3
66,238,5
67,146,5
67,124,5
67,176,2
67,83,4
67,326,5
67,101,1
67,282,3
67,166,4
67,241,2
67,154,4
67,339,5
67,92,2
67,77,4
68,287,3
68,313,4
68,241,3
68,268,5
68,322,1
68,91,5
68,229,5
68,192,1
68,181,5
68,250,3
68,210,2
68,172,3
69,174,3
69,271,3
69,200,2
69,265,4
69,161,1
69,81,1
69,280,1
69,246,4
69,205,1
69,136,5
69,143,4
69,98,3
69,312,2
69,239,3
69,235,1
70,192,5
70,94,3
70,240,4
70,136,1
70,276,4
70,115,2
70,269,2
71,189,5
71,296,2
71,282,4
71,322,1
71,288,4
71,76,4
71,105,2
71,256,4
71,246,5
71,180,4
71,279,4
71,221,2
72,114,3
72,164,1
72,318,1
72,294,4
72,74,5
72,186,1
72,208,3
73,267,5
73,311,2
73,117,5
73,181,3
73,219,4
73,306,4
73,167,5
73,79,5
73,277,5
73,164,2
73,129,3
73,236,3
73,80,5
73,208,1
74,340,5
74,216,2
74,301,1
74,328,4
74,239,1
74,233,5
74,264,5
74,79,5
74,340,3
75,153,2
75,229,5
75,234,5
75,198,4
75,127,5
76,79,3
76,196,5
76,243,3
76,120,4
76,188,1
76,97,3
76,153,3
76,131,2
76,71,2
76,178,3
77,274,5
77,294,1
77,289,3
77,276,2
77,72,1
77,241,4
77,187,3
77,77,4
77,247,1
77,286,5
77,203,5
77,110,5
77,177,1
77,331,4
78,132,1
78,187,1
78,151,5
78,73,1
78,182,4
78,247,2
79,114,2
79,186,4
79,158,3
79,143,3
79,250,3
79,287,4
79,332,1
79,244,1
79,180,4
79,93,2
79,90,4
79,338,1
79,124,1
80,292,3
80,213,5
80,89,1
80,253,5
80,81,4
80,292,3
80,155,5
80,187,1
80,207,5
80,157,1
80,166,3
80,333,1
80,337,2
80,290,3
81,225,5
81,175,4
81,172,2
81,169,5
81,211,3
81,266,3
81,169,5
81,297,4
82,208,2
82,197,2
82,336,5
82,291,2
82,72,2
82,85,4
82,117,4
82,107,2
82,225,2
82,325,1
82,138,2
82,262,4
82,164,4
82,309,3
83,319,4
83,82,3
83,284,4
83,106,4
83,173,1
83,335,5
83,82,5
84,250,1
84,172,4
84,87,3
84,166,1
84,181,3
84,199,2
84,196,4
85,253,3
85,232,5
85,303,4
85,104,3
85,312,1
85,74,1
86,93,3
86,150,1
86,194,4
86,322,3
86,88,5
86,147,4
86,333,4
86,189,4
86,86,3
86,79,4
86,305,4
86,181,4
86,329,4
86,282,1
86,230,3
87,161,2
87,170,4
87,91,5
87,86,2
87,139,1
87,289,5
87,293,2
87,188,4
87,77,3
87,280,2
87,159,2
87,327,1
87,328,5
87,143,5
88,315,2
88,110,4
88,229,1
88,122,4
88,166,1
88,178,1
88,317,3
88,176,3
89,292,1
89,277,3
89,158,3
89,320,5
89,158,3
89,270,5
89,83,2
89,92,5
89,123,1
90,97,2
90,313,2
90,302,5
90,223,5
90,157,3
90,163,5
90,267,4
90,337,1
90,175,4
90,213,2
90,163,4
90,73,4
90,78,1
91,69,2
91,225,2
91,111,1
91,113,1
91,103,3
91,69,1
91,250,2
91,275,2
91,222,3
91,266,1
92,251,5
92,262,2
92,225,1
92,98,3
92,108,1
92,165,2
93,167,4
93,71,2
93,179,4
93,289,5
93,120,4
93,320,3
93,301,1
93,76,4
93,328,4
93,286,4
93,233,5
93,238,3
93,287,4
93,253,4
94,88,4
94,139,1
94,194,3
94,246,1
94,135,2
94,139,5
94,339,3
94,176,2
94,251,2
95,137,5
95,161,2
95,326,4
95,75,5
95,297,1
95,92,3
95,69,2
95,185,3
95,295,2
95,249,5
95,117,3
95,256,4
96,80,2
96,228,3
96,308,5
96,241,4
96,225,2
96,193,4
96,99,1
96,280,2
96,253,2
96,291,3
96,156,4
96,206,1
96,137,1
97,229,4
97,196,2
97,131,1
97,79,3
97,293,2
98,261,4
98,175,3
98,193,5
98,118,2
98,149,3
98,279,5
98,310,1
99,314,5
99,248,2
99,238,1
99,268,2
99,114,5
99,210,4
99,149,1
99,223,1
99,251,1
99,245,5
99,305,1
99,71,2
100,254,2
100,254,5
100,248,3
100,81,3
100,209,3
100,93,5
100,259,5
100,229,3
100,126,5
100,174,4
100,118,5
100,128,2
100,116,2
101,164,2
101,79,3
101,220,3
101,179,2
101,320,3
101,169,5
101,142,2
102,125,3
102,108,2
102,158,2
102,339,5
102,152,4
102,170,4
102,150,4
102,112,2
103,246,3
103,137,1
103,274,3
103,314,3
103,249,1
103,307,1
103,315,2
103,225,5
103,273,1
103,89,1
103,107,3
103,332,4
104,134,5
104,269,4
104,75,5
104,270,1
104,314,4
104,209,3
104,176,2
104,319,4
104,182,3
104,200,4
104,142,2
104,236,3
104,85,5
104,320,4
104,130,1
105,182,3
105,294,1
105,180,2
105,212,1
105,255,5
105,147,5
105,75,4
105,299,4
105,126,2
105,325,1
105,340,3
105,263,3
106,233,3
106,324,3
106,243,3
106,80,4
106,152,3
106,224,3
107,105,5
107,168,1
107,104,3
107,136,4
107,310,3
107,192,1
107,317,2
107,297,5
107,193,1
107,189,4
107,243,4
107,218,1
107,200,5
107,153,1
108,99,3
108,305,1
108,113,5
108,79,2
108,158,3
109,91,4
109,293,4
109,187,1
109,208,3
109,111,1
109,73,3
109,97,4
109,232,5
109,270,2
109,319,4
110,304,2
110,103,1
110,148,4
110,212,5
110,144,1
110,327,3
110,107,3
110,85,5
110,338,2
110,124,2
110,315,5
110,329,5
110,118,3
110,134,3
111,254,2
111,263,5
111,309,3
111,73,4
111,308,1
111,136,5
111,140,2
111,230,3
111,233,3
111,116,4
111,90,5
112,260,2
112,180,4
112,308,1
112,168,2
112,209,5
112,324,1
112,106,1
112,262,1
112,213,4
112,97,2
112,177,5
112,310,4
112,235,4
112,267,4
113,100,3
113,285,5
113,146,1
113,312,2
113,254,5
113,141,3
114,256,3
114,174,5
114,320,3
114,169,5
114,223,2
114,328,3
114,328,4
114,84,5
114,238,2
114,277,5
115,238,1
115,185,5
115,91,2
115,207,3
115,104,4
115,137,1
115,88,2
115,139,1
115,249,3
116,279,4
116,193,4
116,92,5
116,131,5
116,193,4
116,199,3
116,70,4
116,75,3
117,184,3
117,233,4
117,239,1
117,334,4
117,335,3
118,263,3
118,267,2
118,173,1
118,89,1
118,96,2
118,76,1
118,328,2
118,254,3
119,170,1
119,320,1
119,176,1
119,247,4
119,199,4
119,249,3
119,181,3
119,269,4
120,140,4
120,191,3
120,173,4
120,309,3
120,261,2
120,264,4
120,235,2
120,76,1
120,329,5
120,196,5
120,261,4
120,207,3
121,70,3
121,321,4
121,124,5
121,149,2
121,299,2
121,211,1
121,87,4
121,107,1
121,289,2
121,262,3
121,187,4
122,78,1
122,69,1
122,327,1
122,226,1
122,172,5
122,298,2
122,104,2
122,211,4
122,162,2
122,163,2
122,197,1
122,286,1
122,171,4
122,142,3
123,321,2
123,156,3
123,161,3
123,291,1
123,108,2
123,112,2
123,279,4
123,158,2
123,285,3
123,113,2
123,319,2
123,125,4
123,330,3
123,169,1
123,214,5
124,182,1
124,231,1
124,222,3
124,161,3
124,141,1
124,302,4
124,193,1
124,112,3
124,268,3
124,276,5
125,304,5
125,70,1
125,80,5
125,96,2
125,205,2
126,215,4
126,320,4
126,236,2
126,322,2
126,340,2
126,210,1
126,333,1
127,148,2
127,277,3
127,239,1
127,144,1
127,252,3
127,79,3
127,89,4
128,207,4
128,252,5
128,109,3
128,104,1
128,70,1
128,267,2
128,299,5
128,263,5
128,144,1
128,166,1
128,162,2
128,278,2
128,314,1
128,180,4
129,251,1
129,240,3
129,331,1
129,128,3
129,121,4
129,192,2
129,208,5
129,120,1
130,323,3
130,262,5
130,80,3
130,72,5
130,102,1
130,73,1
131,293,1
131,203,1
131,223,2
131,128,2
131,256,3
131,303,3
131,286,4
131,120,5
131,85,2
131,174,5
131,77,3
131,264,1
131,281,5
131,258,3
132,311,1
132,150,4
132,218,1
132,258,3
132,223,1
132,198,2
132,254,5
132,334,4
132,228,1
132,216,4
133,87,3
133,118,1
133,95,5
133,119,1
133,329,5
133,145,5
133,117,5
133,327,4
133,143,4
133,131,5
133,109,1
133,180,3
133,267,4
133,155,5
134,243,4
134,216,3
134,248,3
134,173,2
134,281,2
134,141,2
134,150,4
134,72,5
134,91,4
134,335,3
134,325,3
135,237,4
135,252,3
135,313,5
135,105,1
135,173,2
135,210,1
135,73,2
135,325,5
135,289,2
135,194,1
135,86,3
135,141,5
135,317,2
135,133,2
136,112,3
136,109,2
136,247,1
136,100,4
136,232,5
136,248,2
136,274,5
136,318,3
136,139,3
136,170,5
136,233,2
136,97,3
137,149,5
137,301,1
137,330,1
137,268,2
137,108,5
137,84,3
137,99,5
137,304,5
137,270,3
137,203,4
137,137,4
137,122,5
137,227,2
137,76,2
137,268,1
138,88,1
138,102,2
138,152,3
138,186,3
138,299,4
138,340,2
138,337,1
138,84,2
138,146,5
139,303,4
139,236,4
139,210,1
139,131,4
139,128,5
139,336,5
139,235,3
139,300,5
139,168,1
139,285,2
139,222,5
139,193,1
139,92,2
139,94,5
139,157,1
140,127,1
140,225,4
140,278,2
140,214,4
140,175,1
140,179,3
140,74,1
140,145,4
140,100,3
140,108,5
141,194,4
141,196,1
141,321,2
141,288,1
141,98,2
141,332,4
142,103,1
142,277,2
142,277,2
142,102,2
142,216,2
142,166,3
142,247,2
142,160,5
142,145,4
142,281,5
142,165,2
142,198,4
142,117,1
143,231,5
143,219,1
143,238,3
143,324,5
143,226,5
143,150,3
143,249,4
143,176,4
143,251,4
143,127,5
143,337,2
143,125,5
143,239,1
144,216,4
144,298,4
144,225,1
144,171,2
144,110,5
144,174,4
144,97,1
144,218,3
145,181,5
145,262,3
145,151,1
145,77,4
145,304,3
145,308,2
145,305,4
145,114,1
145,157,4
145,317,3
145,222,5
145,300,1
145,202,2
145,203,5
146,260,2
146,311,1
146,75,5
146,306,1
146,143,3
146,146,3
147,247,2
147,152,2
147,169,4
147,158,5
147,222,2
147,261,4
147,84,4
147,123,1
147,102,2
147,155,1
147,131,1
147,255,5
147,334,4
148,228,4
148,208,2
148,111,4
148,165,3
148,315,1
148,180,5
148,101,2
148,252,4
148,113,1
148,77,2
148,265,3
148,321,3
148,123,5
148,242,1
148,114,2
149,173,5
149,215,3
149,102,2
149,226,5
149,156,1
149,164,5
149,285,1
149,261,1
149,134,5
149,162,4
149,303,5
150,210,2
150,171,1
150,287,5
150,112,2
150,318,1
150,96,1
150,245,1
150,211,3
150,284,4
150,78,2
151,74,1
151,217,1
151,204,5
151,125,3
151,267,3
151,114,5
151,285,2
151,292,5
151,301,3
151,178,5
151,306,1
151,158,5
151,173,1
151,219,5
151,328,4
152,110,4
152,243,2
152,145,1
152,177,5
152,273,3
152,77,1
152,124,3
152,289,1
152,275,3
152,96,1
152,339,1
153,221,4
153,167,4
153,323,4
153,163,2
153,276,3
153,252,1
153,161,1
153,131,3
154,293,1
154,184,2
154,273,4
154,137,4
154,286,5
154,113,3
155,178,5
155,80,5
155,254,4
155,334,5
155,168,4
155,317,4
155,168,5
155,197,4
155,170,2
156,214,2
156,160,2
156,203,1
156,213,2
156,309,5
156,305,1
156,95,2
156,108,5
156,83,5
156,146,1
156,134,2
156,323,5
156,181,1
156,208,4
157,270,4
157,169,3
157,105,5
157,143,3
157,92,2
157,262,3
157,103,2
157,225,1
157,102,4
157,156,2
157,265,1
157,262,4
157,172,5
157,243,2
157,98,2
158,245,1
158,194,3
158,190,3
158,106,1
158,224,2
158,98,4
158,78,2
158,168,1
158,180,1
158,161,4
158,89,3
158,76,3
158,248,4
159,272,5
159,81,5
159,82,4
159,179,4
159,294,3
159,192,1
159,150,1
159,217,2
159,242,4
160,143,3
160,319,2
160,195,1
160,73,5
160,333,1
160,161,3
160,146,1
160,241,1
160,295,4
160,116,4
160,251,4
160,266,4
160,148,3
161,92,2
161,291,3
161,313,3
161,272,2
161,262,2
161,173,2
161,139,4
161,98,4
161,108,1
161,263,2
161,182,5
161,255,2
161,193,3
161,171,3
161,312,1
162,179,3
162,89,4
162,252,2
162,134,5
162,214,4
162,206,4
162,309,4
162,328,5
162,220,5
162,206,4
162,227,4
162,139,2
163,93,3
163,165,5
163,220,3
163,266,3
163,81,1
163,324,3
164,93,4
164,282,5
164,288,1
164,143,4
164,189,1
164,286,2
164,102,3
164,193,2
164,223,1
164,137,1
164,202,1
164,297,5
164,136,3
164,77,3
165,264,5
165,80,1
165,290,4
165,71,2
165,270,1
165,329,5
165,146,4
165,176,2
165,238,1
165,168,3
165,158,2
165,239,1
165,205,3
165,89,2
165,89,5
166,322,4
166,179,3
166,203,4
166,189,4
166,308,3
166,187,4
166,287,3
166,277,5
166,333,5
166,120,4
166,274,2
166,221,4
166,164,2
166,212,2
166,144,1
167,182,3
167,148,4
167,203,5
167,248,4
167,281,5
167,121,1
167,235,5
167,281,4
167,179,4
167,233,2
167,338,4
167,243,1
167,280,5
168,241,4
168,277,2
168,179,5
168,94,2
168,298,2
168,150,5
168,271,5
168,188,1
168,268,1
168,116,5
168,329,1
168,72,4
168,90,1
169,261,3
169,129,2
169,259,5
169,208,1
169,153,3
169,281,2
169,224,3
169,324,4
169,193,3
169,104,2
170,204,2
170,183,3
170,106,1
170,319,3
170,316,2
170,327,5
170,169,4
170,332,4
170,222,1
170,199,2
170,113,5
170,339,5
171,317,4
171,319,1
171,221,3
171,275,1
171,298,1
171,89,2
171,316,3
171,292,5
172,145,4
172,115,3
172,133,2
172,324,4
172,144,4
172,215,2
172,245,1
172,279,2
172,95,2
172,177,3
172,262,1
172,300,5
172,230,2
172,234,3
172,234,4
173,231,3
173,164,3
173,142,1
173,320,2
173,314,3
173,272,1
173,249,5
173,278,1
173,139,1
173,280,3
173,233,3
173,309,1
174,241,1
174,183,4
174,132,1
174,89,5
174,85,1
174,152,3
174,247,4
174,133,3
174,128,4
174,166,5
175,231,1
175,122,2
175,163,4
175,147,2
175,324,5
175,170,3
175,176,1
175,84,2
176,200,1
176,144,1
176,218,4
176,77,4
176,86,2
176,253,3
176,277,3
176,276,3
176,215,3
176,203,3
176,279,1
176,297,4
176,133,4
176,117,4
177,307,2
177,330,3
177,200,2
177,255,2
177,246,1
177,267,4
177,322,5
177,330,5
177,297,1
177,195,5
177,154,4
177,322,1
177,74,3
177,264,2
177,104,1
178,259,4
178,140,3
178,224,2
178,186,2
178,300,5
178,100,3
178,166,5
178,205,4
178,98,3
179,138,5
179,143,3
179,102,5
179,184,5
179,122,2
179,119,4
179,100,1
179,245,4
179,101,2
179,266,5
179,231,1
180,124,5
180,110,5
180,185,3
180,168,5
180,176,2
181,96,1
181,132,3
181,138,2
181,109,5
181,191,4
181,203,5
181,100,2
181,254,1
181,136,2
181,274,4
181,299,4
182,105,2
182,186,4
182,257,4
182,242,5
182,215,1
182,300,5
182,183,5
183,272,2
183,212,5
183,138,2
183,119,2
183,97,1
183,220,4
183,304,5
183,130,1
183,179,5
183,84,5
183,105,3
183,157,2
183,332,1
184,109,4
184,73,2
184,277,4
184,201,1
184,284,2
184,153,4
184,137,1
184,250,3
184,332,5
184,226,4
184,324,4
184,335,4
185,174,2
185,316,5
185,309,5
185,262,2
185,229,1
185,207,2
185,200,3
185,105,4
185,180,3
186,243,3
186,232,2
186,308,1
186,307,2
186,325,2
186,331,4
186,79,4
186,98,2
186,133,1
186,257,1
186,315,3
186,210,2
186,259,1
186,222,2
187,230,5
187,328,3
187,95,3
187,224,1
187,197,4
187,89,1
187,299,5
187,80,5
187,104,4
187,283,3
188,155,5
188,209,3
188,249,1
188,112,1
188,86,3
188,202,3
188,126,4
188,319,5
188,229,2
188,122,5
188,305,1
188,102,5
188,94,2
188,220,3
189,271,5
189,340,5
189,162,3
189,293,5
189,165,4
189,222,2
189,313,3
189,114,1
189,101,1
189,149,4
189,165,3
189,202,3
189,202,5
190,310,4
190,89,3
190,98,5
190,164,5
190,178,2
190,85,5
190,228,4
190,303,1
190,268,5
190,191,1
190,105,1
190,160,1
190,283,3
190,271,3
191,163,1
191,184,1
191,139,4
191,116,3
191,269,4
191,317,3
191,313,3
191,292,5
191,284,3
191,151,1
192,146,5
192,131,2
192,251,4
192,141,4
192,118,4
192,92,4
192,269,5
192,339,3
192,94,5
193,277,3
193,243,4
193,206,2
193,168,4
193,296,2
193,317,3
193,89,4
194,106,5
194,99,5
194,115,2
194,122,3
194,173,4
194,198,3
195,203,3
195,99,2
195,299,3
195,74,3
195,283,2
195,330,4
195,236,5
195,116,5
195,330,1
195,319,4
195,324,3
195,84,2
196,120,5
196,208,1
196,87,4
196,167,3
196,281,3
196,268,5
196,333,2
196,106,1
196,116,3
197,168,3
197,336,1
197,296,4
197,129,3
197,187,1
197,154,3
197,282,2
198,292,1
198,191,4
198,327,2
198,152,2
198,316,1
198,243,4
198,159,5
198,268,2
199,145,3
199,227,1
199,204,5
199,116,5
199,237,5
200,234,4
200,118,4
200,229,1
200,185,1
200,157,5
200,179,1
200,171,4
200,176,3
200,90,2
200,192,3
200,156,3
200,125,2
200,70,1
200,305,4
200,237,1
201,334,4
201,111,5
201,246,1
201,207,2
201,203,1
201,136,1
202,203,3
202,90,3
202,251,4
202,308,5
202,209,3
202,246,5
202,270,1
203,281,2
203,192,3
203,273,3
203,286,3
203,323,1
203,310,3
203,248,1
204,174,5
204,69,3
204,288,3
204,312,4
204,303,2
204,321,4
204,290,5
204,201,3
204,70,1
204,191,5
205,312,3
205,92,5
205,137,2
205,149,2
205,215,1
205,221,2
205,155,2
205,104,4
205,308,3
205,151,1
205,111,5
205,304,1
205,266,3
205,246,1
205,310,5
206,239,4
206,199,5
206,131,1
206,222,2
206,300,3
206,162,3
206,206,4
206,194,3
207,90,5
207,80,1
207,132,3
207,213,1
207,307,2
207,235,3
207,307,3
207,312,3
207,70,2
207,276,5
207,178,1
208,83,5
208,135,2
208,271,5
208,182,5
208,122,5
208,125,3
208,97,1
208,218,5
208,265,2
208,273,3
208,100,1
208,97,1
208,151,1
208,146,2
209,231,5
209,318,1
209,155,5
209,272,5
209,150,1
209,146,5
210,91,2
210,137,3
210,158,5
210,85,5
210,103,4
210,108,4
210,224,5
210,165,3
210,126,3
210,109,2
210,258,4
210,135,3
211,259,1
211,199,1
211,214,3
211,333,5
211,269,5
211,149,5
211,102,4
211,325,3
211,260,5
211,337,5
211,260,1
212,271,5
212,121,5
212,90,3
212,113,4
212,79,1
212,304,5
212,117,3
212,210,5
212,88,4
212,83,2
212,250,5
213,176,3
213,279,5
213,251,2
213,113,4
213,172,4
213,120,2
213,340,3
213,339,2
214,331,2
214,247,4
214,71,4
214,283,4
214,259,5
214,319,2
214,295,1
214,94,3
214,247,4
214,336,1
215,289,5
215,181,4
215,295,3
215,168,3
215,157,5
215,223,4
216,182,2
216,334,5
216,259,2
216,120,2
216,75,2
216,79,1
216,92,4
216,300,3
216,106,1
217,224,2
217,330,2
217,170,2
217,280,1
217,188,2
218,133,3
218,334,5
218,95,1
218,195,5
218,128,5
218,222,3
218,70,1
218,275,5
218,240,1
218,273,5
218,312,3
218,214,1
219,239,1
219,255,1
219,103,1
219,254,4
219,286,1
220,226,2
220,206,4
220,192,5
220,221,3
220,264,5
220,283,5
220,292,2
220,107,1
220,170,3
220,339,3
220,281,4
220,148,3
220,221,3
220,220,2
220,230,3
221,318,3
221,312,1
221,107,2
221,263,3
221,110,5
222,309,2
222,202,3
222,175,2
222,179,2
222,203,3
222,166,1
222,105,4
222,225,5
222,225,3
222,160,2
222,148,3
222,259,4
222,216,1
222,287,2
222,150,1
223,131,4
223,112,3
223,135,2
223,200,4
223,140,1
223,143,3
223,256,3
223,324,4
224,111,4
224,184,2
224,143,2
224,240,5
224,235,4
224,125,2
224,223,3
224,312,5
224,69,3
225,87,3
225,292,4
225,193,3
225,273,2
225,122,1
225,270,2
225,163,3
226,176,4
226,176,1
226,265,5
226,322,5
226,226,5
226,338,1
226,179,5
226,314,1
226,206,1
226,170,2
226,119,3
227,70,2
227,280,5
227,307,2
227,133,5
227,255,1
227,250,1
227,93,4
227,113,2
227,199,3
227,269,5
227,165,4
228,225,2
228,247,2
228,104,2
228,324,1
228,282,5
228,170,2
228,232,4
228,216,3
228,144,2
228,302,5
228,131,1
228,283,3
228,243,4
228,192,5
229,280,1
229,82,2
229,197,2
229,339,2
229,228,4
229,211,1
229,162,2
229,313,4
229,321,1
229,254,5
230,295,2
230,278,3
230,88,5
230,338,2
230,264,4
230,220,1
230,330,2
230,299,1
230,134,1
230,298,4
230,181,2
230,332,5
230,100,3
231,314,5
231,338,2
231,198,5
231,216,1
231,176,2
231,122,2
231,229,5
232,133,2
232,177,4
232,270,4
232,170,2
232,196,3
232,129,1
233,158,1
233,95,4
233,312,2
233,86,4
233,159,4
233,106,2
233,117,5
233,339,4
234,277,1
234,129,1
234,278,2
234,274,5
234,313,2
234,239,1
234,290,3
234,242,2
234,235,5
234,197,5
235,140,5
235,174,5
235,92,2
235,196,3
235,155,2
235,309,5
235,327,2
235,322,5
235,203,5
235,276,1
235,298,1
235,315,2
235,177,4
235,185,4
235,229,1
236,82,1
236,110,2
236,198,2
236,181,4
236,180,4
236,121,4
236,155,5
236,255,4
236,242,5
237,127,5
237,276,1
237,242,5
237,179,2
237,239,3
237,283,4
237,128,4
237,169,1
237,297,1
237,284,3
238,93,2
238,164,3
238,209,5
238,207,5
238,166,2
238,117,3
238,253,1
238,337,4
239,164,2
239,80,3
239,151,1
239,247,3
239,289,4
239,139,5
240,334,5
240,202,4
240,336,5
240,221,5
240,218,3
240,89,3
240,190,5
240,130,5
240,154,5
240,193,4
240,204,1
240,84,2
241,185,3
241,174,3
241,273,4
241,134,3
241,176,5
241,248,4
241,197,5
241,95,1
241,127,3
242,157,5
242,131,3
242,169,4
242,187,1
242,138,3
242,311,3
242,102,1
242,225,4
242,148,3
242,93,5
242,105,3
242,155,4
242,133,2
242,229,5
243,323,5
243,152,5
243,142,4
243,320,2
243,83,4
243,135,4
243,158,4
243,332,1
244,338,4
244,193,1
244,229,3
244,119,3
244,277,3
245,116,2
245,132,2
245,314,5
245,258,1
245,206,3
245,249,4
245,320,5
245,323,3
245,317,3
246,276,5
246,317,5
246,239,1
246,326,2
246,180,4
246,84,2
246,119,1
246,266,3
247,288,4
247,235,4
247,316,2
247,303,3
247,295,5
247,299,4
247,144,2
247,216,1
247,105,1
247,322,1
247,336,3
248,157,2
248,305,4
248,269,5
248,127,5
248,175,4
248,140,4
249,336,2
249,295,1
249,121,2
249,327,5
249,270,3
250,255,5
250,201,4
250,307,4
250,174,3
250,197,4
250,117,3
250,77,5
250,236,2
250,187,3
250,195,3
251,333,4
251,170,4
251,318,1
251,74,1
251,203,1
251,124,3
251,122,3
251,236,3
251,142,3
251,130,4
251,121,4
251,301,4
251,145,5
251,211,3
252,156,4
252,275,5
252,216,2
252,211,3
252,100,3
252,325,3
252,207,4
252,178,5
252,274,3
252,70,1
252,221,1
252,132,4
252,241,1
252,224,1
253,141,5
253,296,2
253,89,5
253,314,5
253,325,5
253,242,2
253,141,4
254,130,1
254,106,4
254,307,4
254,207,5
254,151,4
254,77,1
254,199,5
254,270,4
254,95,3
254,91,1
254,191,1
254,278,2
255,251,1
255,259,4
255,106,2
255,147,4
255,95,3
255,288,3
255,269,2
255,103,2
255,245,5
255,252,3
256,194,5
256,182,2
256,123,3
256,92,1
256,229,5
256,243,2
256,201,3
256,69,1
256,155,5
256,105,1
256,313,2
256,327,3
256,137,2
256,272,2
256,162,4
257,174,3
257,262,1
257,103,4
257,290,1
257,123,4
257,69,5
257,173,5
258,250,1
258,260,1
258,272,5
258,328,5
258,193,4
258,279,5
258,134,5
258,126,3
258,154,5
258,121,5
258,199,5
258,279,5
258,90,2
258,317,3
258,135,1
259,213,5
259,287,3
259,93,5
259,134,1
259,185,4
259,220,5
259,272,5
259,111,2
260,293,1
260,153,3
260,140,3
260,189,1
260,154,3
260,83,4
260,185,3
260,83,1
261,191,3
261,288,3
261,190,5
261,288,1
261,237,1
261,331,4
261,338,2
261,276,1
262,185,3
262,194,5
262,148,1
262,75,2
262,318,2
262,94,1
262,98,3
262,154,1
263,150,4
263,244,1
263,128,4
263,120,2
263,166,4
263,124,1
263,242,2
263,334,1
263,206,4
263,244,1
263,140,2
264,310,5
264,104,1
264,247,1
264,153,4
264,303,3
264,211,3
264,221,4
264,113,3
264,98,2
264,337,3
264,75,1
264,69,5
265,99,5
265,89,1
265,129,5
265,283,2
265,117,4
265,262,5
265,212,2
265,319,2
265,238,2
265,263,2
265,124,4
265,295,4
265,327,1
265,126,3
266,288,4
266,290,4
266,202,4
266,118,1
266,214,1
266,141,3
266,321,4
266,278,5
266,242,5
266,263,2
266,286,3
266,158,2
266,204,2
266,241,4
266,129,1
267,317,4
267,262,4
267,114,5
267,126,4
267,72,3
267,122,4
267,136,2
267,245,2
268,112,1
268,336,3
268,256,3
268,278,3
268,296,3
268,204,4
268,134,4
268,226,4
268,304,2
268,246,3
268,274,4
268,216,4
268,161,4
269,156,4
269,242,1
269,104,3
269,251,2
269,303,4
270,219,1
270,331,5
270,255,3
270,262,1
270,275,4
270,180,5
270,200,2
270,263,5
270,111,5
270,131,2
270,177,1
270,293,5
270,113,5
270,264,4
270,134,4
271,299,3
271,201,2
271,130,1
271,266,1
271,298,1
271,93,5
271,183,4
271,72,1
271,129,5
271,242,3
271,113,1
271,117,4
271,300,5
271,142,5
272,246,4
272,334,1
272,212,3
272,109,5
272,311,3
272,276,1
272,166,3
272,251,4
272,233,2
272,125,3
272,249,1
272,334,2
272,114,5
272,77,5
273,137,4
273,335,1
273,107,3
273,327,1
273,106,5
273,202,5
273,270,2
273,103,3
273,211,1
273,184,2
273,147,1
273,248,1
273,314,1
273,177,4
273,226,2
274,290,4
274,98,4
274,290,1
274,87,3
274,139,2
274,123,1
274,202,1
274,145,5
274,242,5
274,141,2
274,190,1
275,174,1
275,83,3
275,161,4
275,214,2
275,241,5
275,87,1
275,80,2
275,102,2
275,317,5
275,92,3
275,93,4
275,76,5
276,206,2
276,166,3
276,277,4
276,83,1
276,224,3
276,184,4
276,178,2
276,189,4
276,277,3
277,88,1
277,190,3
277,95,1
277,322,3
277,218,2
277,273,1
277,293,4
277,267,3
278,268,5
278,333,2
278,329,5
278,165,3
278,294,1
278,110,2
278,169,2
278,207,1
279,188,5
279,332,5
279,267,3
279,203,1
279,198,2
279,163,1
279,210,1
279,301,1
279,301,3
279,303,2
279,238,3
279,298,2
279,242,3
279,202,4
280,288,2
280,326,3
280,246,5
280,153,3
280,261,3
280,69,5
280,273,4
280,337,4
280,159,2
280,114,5
280,178,4
280,122,3
280,202,5
281,311,4
281,139,5
281,306,2
281,96,1
281,312,5
281,191,4
281,198,5
282,111,1
282,223,2
282,232,4
282,248,5
282,297,2
282,125,1
282,259,3
282,166,3
283,290,2
283,187,5
283,237,1
283,153,3
283,129,5
283,125,4
283,113,5
283,287,4
283,200,3
284,84,5
284,293,5
284,237,1
284,259,3
284,305,5
284,72,5
284,179,4
284,235,1
284,113,2
285,303,4
285,128,2
285,101,3
285,133,2
285,158,5
285,135,4
285,109,1
285,229,1
285,275,3
285,122,5
285,163,4
285,118,4
286,216,1
286,277,2
286,238,2
286,162,2
286,301,2
286,332,5
287,250,4
287,290,1
287,273,3
287,132,3
287,294,3
287,130,3
287,124,5
287,200,3
288,311,1
288,249,3
288,321,3
288,221,4
288,86,3
288,122,4
288,211,2
288,266,4
288,339,2
288,173,5
288,296,4
288,261,2
288,112,3
289,73,2
289,145,4
289,193,5
289,121,2
289,333,5
289,231,2
289,240,3
289,242,2
289,134,4
289,272,4
290,303,2
290,113,4
290,210,4
290,253,3
290,236,3
290,314,5
290,187,5
291,328,4
291,162,1
291,159,2
291,70,5
291,305,4
291,284,2
291,274,2
291,317,1
291,259,5
291,131,1
291,256,4
291,74,1
291,270,4
291,71,3
292,95,4
292,155,1
292,183,5
292,106,1
292,323,3
293,298,5
293,125,3
293,79,4
293,93,4
293,257,5
293,339,5
294,329,2
294,160,2
294,260,1
294,318,5
294,186,5
294,126,3
294,157,5
294,73,5
294,278,1
294,247,1
294,144,2
294,304,5
294,132,1
294,322,5
294,335,1
295,312,2
295,160,2
295,254,5
295,86,3
295,192,4
295,164,5
295,112,5
295,275,4
295,190,3
295,328,2
295,140,1
295,110,1
295,81,1
296,153,1
296,89,1
296,251,4
296,314,3
296,131,3
296,155,3
296,137,2
296,317,2
296,218,3
296,107,3
296,292,2
296,244,3
296,113,3
296,128,5
297,108,4
297,297,1
297,200,4
297,289,1
297,224,1
297,313,3
297,146,1
297,72,5
297,317,1
297,172,5
298,214,2
298,83,2
298,180,3
298,194,2
298,273,1
298,110,5
298,270,5
298,178,5
298,318,1
298,156,2
298,283,1
299,312,2
299,267,4
299,241,2
299,285,1
299,97,5
299,209,3
299,240,2
299,169,2
299,225,5
299,114,1
299,331,4
299,142,2
299,312,3
299,239,4
299,259,1
300,170,4
300,114,5
300,91,5
300,103,1
300,273,1
300,235,1
300,119,1
300,77,1
300,111,3
300,283,3
300,312,5
300,175,2
300,133,4
300,337,1
300,121,4
301,330,3
301,243,4
301,136,4
301,254,5
301,270,2
301,210,1
302,144,3
302,259,4
302,190,4
302,276,3
302,197,4
302,138,3
302,265,1
302,185,2
302,71,1
302,249,4
302,299,1
302,292,5
303,318,1
303,291,2
303,312,1
303,240,5
303,165,2
303,265,4
303,332,1
303,92,1
303,328,5
303,187,4
304,202,2
304,286,5
304,227,4
304,214,2
304,253,2
304,296,4
304,161,2
304,312,4
304,158,1
304,230,4
305,120,5
305,155,1
305,306,3
305,197,2
305,179,2
305,140,5
305,148,5
305,242,1
305,212,1
305,223,5
305,186,5
305,201,3
305,108,2
305,120,4
306,243,1
306,101,3
306,268,1
306,110,3
306,207,5
306,176,1
306,204,5
306,227,4
306,132,4
306,226,1
307,149,2
307,84,2
307,258,2
307,313,1
307,297,2
307,115,2
307,263,3
307,121,4
307,197,2
307,205,4
307,201,2
307,174,2
307,281,1
308,105,5
308,309,3
308,257,1
308,261,2
308,108,4
308,160,3
308,322,1
308,286,1
308,250,4
308,146,5
309,240,4
309,324,2
309,223,3
309,289,3
309,310,5
309,333,2
309,112,1
309,111,5
309,177,2
309,150,5
309,103,3
309,237,1
310,270,3
310,82,3
310,325,3
310,270,5
310,306,1
310,208,1
311,260,2
311,149,1
311,209,1
311,321,4
311,71,5
311,264,4
311,241,1
311,121,3
311,292,4
311,114,4
311,195,4
311,171,3
312,94,3
312,217,4
312,269,4
312,215,3
312,126,4
312,190,2
312,274,3
312,279,5
312,249,3
312,120,2
312,234,1
312,339,3
312,159,3
312,177,5
312,214,1
313,206,4
313,276,4
313,79,4
313,105,3
313,150,2
313,314,5
313,131,1
313,105,3
313,177,4
313,182,4
313,318,2
313,295,5
313,147,2
313,148,1
314,74,4
314,208,4
314,327,3
314,168,4
314,166,3
314,194,5
314,154,2
314,102,1
315,198,5
315,185,5
315,163,2
315,271,5
315,231,3
315,153,2
315,100,2
316,246,1
316,198,3
316,217,4
316,197,4
316,188,2
316,124,1
316,253,5
316,257,1
316,94,3
317,284,5
317,119,1
317,321,2
317,285,2
317,89,4
317,111,3
317,199,3
317,102,4
317,317,5
317,335,2
317,91,2
317,192,2
318,255,2
318,291,1
318,283,5
318,278,3
318,311,2
318,318,2
318,329,5
318,327,3
318,339,1
318,302,3
318,337,2
318,255,3
319,272,1
319,181,5
319,124,2
319,109,3
319,114,2
319,256,4
319,154,4
319,110,2
319,176,2
319,291,3
319,74,1
320,337,1
320,79,3
320,269,3
320,169,5
320,280,3
320,86,2
320,82,2
320,230,5
320,160,1
321,340,4
321,154,4
321,82,4
321,163,3
321,98,3
321,212,2
321,199,4
321,275,5
321,294,4
322,242,1
322,175,4
322,69,4
322,126,5
322,319,3
322,85,1
322,240,5
323,199,3
323,180,3
323,238,3
323,128,2
323,200,2
323,276,3
323,233,3
323,122,1
323,314,2
323,207,3
323,161,4
323,189,3
323,281,2
324,301,5
324,182,2
324,324,3
324,118,3
324,224,5
324,284,5
324,286,1
324,302,5
324,195,4
324,116,1
324,190,5
324,275,3
324,241,4
324,302,1
324,121,3
325,102,1
325,291,3
325,259,1
325,210,1
325,227,5
325,114,3
325,338,3
325,314,4
325,231,4
325,335,1
325,236,1
326,79,4
326,183,3
326,134,1
326,213,1
326,287,2
326,103,3
326,172,3
326,162,3
326,184,4
326,338,2
326,266,2
326,301,5
326,69,5
327,294,1
327,70,2
327,237,2
327,259,2
327,147,1
327,148,5
327,73,2
327,235,5
327,264,4
327,285,4
327,281,3
328,102,5
328,139,1
328,131,4
328,305,2
328,337,2
328,311,3
328,282,4
328,73,5
328,300,5
328,77,5
328,267,3
329,324,2
329,82,3
329,194,1
329,236,1
329,145,1
329,95,3
330,143,5
330,156,1
330,156,2
330,126,1
330,325,1
330,235,1
330,125,5
330,173,2
331,253,5
331,140,3
331,78,2
331,273,2
331,339,2
332,222,1
332,334,3
332,296,5
332,305,4
332,103,4
332,214,3
332,336,4
332,336,1
332,179,2
333,171,4
333,191,2
333,125,1
333,290,3
333,123,2
333,329,2
333,93,4
333,73,5
333,236,1
333,323,2
333,200,1
333,185,4
333,225,2
334,265,2
334,95,5
334,298,2
334,275,3
334,266,1
334,235,2
334,136,1
334,77,2
334,259,2
334,314,3
335,293,5
335,74,5
335,234,5
335,95,4
335,211,3
335,272,2
335,162,1
335,189,2
335,312,4
335,264,2
335,220,5
335,236,4
335,188,5
336,321,1
336,192,3
336,280,3
336,106,3
336,99,2
336,100,1
336,205,4
336,171,5
336,269,4
337,116,2
337,109,2
337,195,1
337,206,3
337,325,5
337,142,4
337,148,3
337,165,3
337,280,4
337,243,4
337,279,1
337,238,4
337,105,5
337,326,2
337,213,4
338,127,3
338,337,1
338,303,2
338,173,5
338,214,3
338,319,4
338,207,4
338,162,5
338,261,5
338,158,5
338,146,2
339,267,3
339,230,1
339,187,1
339,158,2
339,307,4
339,227,4
339,125,2
339,222,2
339,337,1
339,134,4
339,208,3
339,124,4
339,131,3
339,103,3
339,183,4
340,174,2
340,339,5
340,307,5
340,132,2
340,234,3
340,151,4
340,138,3
340,155,1
341,244,2
341,172,5
341,258,2
341,165,1
341,332,3
341,164,2
341,325,3
341,319,5
341,101,1
341,121,3
341,203,2
341,203,1
341,261,4
342,273,1
342,139,4
342,96,5
342,300,4
342,195,2
343,152,1
343,290,1
343,309,1
343,308,1
343,162,3
343,195,4
343,328,4
343,194,3
343,163,2
343,286,4
343,304,4
344,130,1
344,97,2
344,336,5
344,313,5
344,232,4
344,161,2
344,146,5
344,196,5
344,176,2
345,72,4
345,322,3
345,337,4
345,281,2
345,106,1
345,339,1
345,97,3
345,258,2
345,153,5
345,297,2
345,95,4
346,98,4
346,102,5
346,211,1
346,294,5
346,112,2
346,244,3
346,330,2
346,333,4
346,163,2
346,337,2
346,184,5
346,208,5
347,218,5
347,104,2
347,184,4
347,224,1
347,283,4
347,163,4
347,190,3
347,315,5
347,74,4
348,99,3
348,240,3
348,339,1
348,122,4
348,80,5
348,131,1
348,103,5
348,209,3
348,228,4
348,71,4
348,145,5
349,82,3
349,329,5
349,261,5
349,121,5
349,162,4
349,114,5
349,219,5
349,138,4
349,164,1
349,85,1
349,96,2
350,312,5
350,219,2
350,86,5
350,195,5
350,177,5
350,96,3
350,202,3
350,244,5
350,147,5
350,192,2
350,259,4
350,337,2
350,152,3
350,140,3
350,69,5
351,313,4
351,274,3
351,256,5
351,127,1
351,336,3
351,315,2
351,80,2
351,299,4
351,73,2
351,277,3
351,70,2
351,205,3
352,212,4
352,181,2
352,333,4
352,131,5
352,200,5
352,236,1
352,234,1
352,101,1
352,156,2
352,135,4
352,252,3
353,166,2
353,318,3
353,265,2
353,296,4
353,180,3
353,89,1
354,187,4
354,295,1
354,287,2
354,192,3
354,167,5
354,249,4
355,245,2
355,308,3
355,304,1
355,309,5
355,129,2
356,284,2
356,292,5
356,175,3
356,104,2
356,84,3
356,201,2
356,123,1
356,93,5
356,97,3
356,165,4
356,279,1
356,296,2
356,166,3
357,305,5
357,291,1
357,104,5
357,96,4
357,112,4
358,269,3
358,142,4
358,228,4
358,329,1
358,261,3
358,339,5
358,129,3
358,151,1
358,152,3
358,224,5
358,284,3
358,104,2
358,221,5
358,272,4
359,144,3
359,82,4
359,298,5
359,76,3
359,86,5
359,308,1
359,87,1
359,327,3
360,238,2
360,115,4
360,160,2
360,325,3
360,229,5
360,270,2
360,240,1
360,158,5
360,212,2
360,152,3
361,329,3
361,322,5
361,245,1
361,79,3
361,127,2
361,254,3
362,291,4
362,207,4
362,86,3
362,105,4
362,263,5
362,193,1
362,94,4
362,176,1
362,147,3
362,260,3
363,252,3
363,125,3
363,192,1
363,297,5
363,211,2
364,80,4
364,88,5
364,317,4
364,106,1
364,172,4
364,194,4
364,256,1
365,287,5
365,261,2
365,111,5
365,311,2
365,279,5
365,234,1
365,294,5
365,94,3
365,304,2
365,183,2
365,259,2
365,312,2
366,257,4
366,113,3
366,86,5
366,230,2
366,200,5
366,189,2
366,330,3
366,108,1
366,128,5
366,101,1
366,340,5
366,161,2
366,263,1
367,107,5
367,90,1
367,138,3
367,230,2
367,255,2
367,95,2
367,319,5
367,173,4
367,155,5
367,117,3
367,224,1
367,172,2
367,150,3
367,323,3
367,142,2
368,89,4
368,180,1
368,170,5
368,78,1
368,245,2
368,147,3
368,255,2
368,140,3
368,173,1
368,293,2
368,139,4
368,266,4
368,219,2
369,240,1
369,297,2
369,147,5
369,272,2
369,220,1
369,121,4
369,182,5
369,212,4
369,189,3
370,329,1
370,159,4
370,328,5
370,232,5
370,258,2
370,209,2
370,281,3
370,282,1
371,69,3
371,76,5
371,157,4
371,217,5
371,232,3
371,200,5
372,233,5
372,242,1
372,224,1
372,235,3
372,124,2
372,248,1
372,261,2
372,284,4
372,277,2
373,236,4
373,275,2
373,283,5
373,137,4
373,104,5
373,79,2
373,271,4
374,193,5
374,182,3
374,114,1
374,178,3
374,84,1
374,230,3
374,181,1
374,276,4
374,110,1
374,189,2
374,330,4
374,167,5
374,326,5
374,167,3
375,255,5
375,333,3
375,174,5
375,335,3
375,258,5
375,262,4
375,247,4
375,106,1
375,116,3
375,256,5
375,338,4
375,302,2
375,98,5
376,335,4
376,314,5
376,216,4
376,263,5
376,209,1
376,269,1
376,115,2
376,289,5
376,332,3
376,116,5
376,143,4
377,216,4
377,154,2
377,130,2
377,82,5
377,298,4
377,275,3
377,254,4
378,177,2
378,298,5
378,266,5
378,95,4
378,290,2
378,135,4
378,101,2
378,252,5
378,279,4
378,243,3
378,237,5
379,302,1
379,308,3
379,75,1
379,334,5
379,79,2
379,199,3
379,276,1
379,143,2
379,318,3
379,338,1
379,182,4
379,158,1
380,295,3
380,149,2
380,156,2
380,74,2
380,263,1
380,307,4
380,302,2
380,249,4
380,116,5
380,186,5
380,185,4
380,235,3
380,276,5
380,212,5
381,138,2
381,275,4
381,209,1
381,299,3
381,119,4
381,257,4
381,180,1
381,315,1
381,205,4
381,204,5
381,202,2
382,166,3
382,75,4
382,156,1
382,69,5
382,119,1
382,113,4
382,149,4
382,291,5
383,271,2
383,95,4
383,86,4
383,137,3
383,243,1
383,166,5
383,325,3
383,184,4
383,113,1
383,303,2
383,280,2
383,322,1
383,284,5
383,275,4
383,202,2
384,73,3
384,263,3
384,102,4
384,286,1
384,244,1
384,312,5
384,272,1
384,260,2
385,251,1
385,129,1
385,142,2
385,321,2
385,237,4
386,104,5
386,205,5
386,98,5
386,163,5
386,225,3
386,94,3
386,217,1
386,280,4
386,260,1
386,123,1
387,193,4
387,313,2
387,268,4
387,89,2
387,138,3
387,92,5
387,70,2
387,168,2
387,89,2
387,287,5
388,105,1
388,265,1
388,122,1
388,143,4
388,77,3
388,274,1
388,176,1
388,168,2
388,116,2
388,260,2
388,214,1
388,112,4
389,214,1
389,145,4
389,100,1
389,255,1
389,241,5
389,321,1
389,145,1
389,166,1
389,254,5
389,190,1
389,278,2
389,171,4
389,331,1
389,76,2
390,289,1
390,98,3
390,184,1
390,126,2
390,139,1
390,227,4
390,146,3
391,311,4
391,172,5
391,295,5
391,133,5
391,151,2
391,297,4
391,252,2
391,92,3
391,317,4
391,130,4
391,175,4
391,201,5
391,79,4
391,160,5
392,299,1
392,323,5
392,140,3
392,306,1
392,111,3
392,166,2
392,113,4
392,139,4
392,135,3
392,235,1
392,277,2
392,303,4
393,324,1
393,81,1
393,109,3
393,232,1
393,162,1
394,240,2
394,241,3
394,198,1
394,121,4
394,258,5
394,246,3
394,270,4
394,315,4
394,142,1
394,320,2
395,188,5
395,306,1
395,94,4
395,279,3
395,334,3
396,251,4
396,177,2
396,313,1
396,138,4
396,147,2
396,305,5
396,81,4
396,134,2
396,151,5
396,81,5
396,125,2
396,274,4
396,286,5
396,242,5
396,121,1
397,233,2
397,182,4
397,281,2
397,119,3
397,202,2
397,291,2
397,197,5
397,229,5
397,175,5
397,195,1
397,204,1
397,299,2
397,191,2
398,118,2
398,253,1
398,217,1
398,261,2
398,109,4
398,315,3
398,187,3
398,285,5
398,124,4
398,84,5
398,240,2
398,99,1
398,257,3
398,102,4
398,188,1
399,87,2
399,118,3
399,133,1
399,199,1
399,328,3
399,95,5
400,264,2
400,309,1
400,178,3
400,288,3
400,161,3
400,144,3
400,133,1
400,323,1
400,292,1
400,268,1
401,327,3
401,226,1
401,180,2
401,277,5
401,335,1
401,269,1
401,201,2
401,180,2
401,311,4
401,338,2
402,321,1
402,330,3
402,181,4
402,262,1
402,108,1
402,127,4
402,165,3
402,295,5
402,337,5
403,96,3
403,302,3
403,210,4
403,210,4
403,279,3
403,287,1
403,79,5
403,228,3
403,327,5
403,223,1
404,277,5
404,186,2
404,204,4
404,111,5
404,172,1
404,224,1
404,301,4
404,113,3
404,169,2
404,116,5
404,277,2
404,145,2
405,242,3
405,317,1
405,272,3
405,207,5
405,243,3
405,121,4
405,336,5
405,78,2
405,145,4
405,105,4
406,134,2
406,272,5
406,186,1
406,126,3
406,137,3
406,324,2
406,138,5
406,286,2
406,215,3
406,248,1
406,200,1
406,122,3
406,271,3
406,97,2
407,278,2
407,141,1
407,209,3
407,328,1
407,309,3
407,151,5
407,265,5
408,79,4
408,270,5
408,239,2
408,297,3
408,134,2
408,138,2
408,332,5
408,334,2
408,281,3
408,242,1
409,131,4
409,105,4
409,238,1
409,267,1
409,103,4
409,113,5
409,139,1
409,128,3
409,242,5
409,314,4
410,252,1
410,257,1
410,129,2
410,171,4
410,163,3
410,309,2
410,219,3
410,326,4
410,214,4
410,226,1
411,85,2
411,314,5
411,314,4
411,103,5
411,195,3
411,264,4
411,210,3
411,103,1
411,272,1
411,331,1
411,340,5
411,338,5
411,254,2
411,70,5
412,311,5
412,232,2
412,168,4
412,337,1
412,215,2
412,285,4
413,286,4
413,200,5
413,250,5
413,85,2
413,201,1
413,185,5
413,309,5
413,125,3
413,218,5
413,213,5
413,249,1
413,212,5
414,238,4
414,175,2
414,178,2
414,75,4
414,248,3
414,111,2
414,321,3
414,207,5
414,289,5
414,84,3
414,86,2
414,237,1
414,207,4
414,233,3
414,124,4
415,259,4
415,320,5
415,122,3
415,263,4
415,298,2
415,96,1
415,255,5
415,311,3
415,339,1
415,114,4
416,137,2
416,315,5
416,154,1
416,315,3
416,229,5
416,329,2
416,171,5
416,313,1
416,95,4
416,255,1
416,223,5
416,261,5
416,291,2
417,212,2
417,152,5
417,247,1
417,103,3
417,251,1
417,311,5
418,98,5
418,136,1
418,324,4
418,71,1
418,72,2
419,331,4
419,326,1
419,89,5
419,181,1
419,317,4
420,331,1
420,235,3
420,176,3
420,182,2
420,172,5
420,185,5
420,330,1
420,261,5
420,217,3
420,116,4
420,155,3
420,288,2
420,336,2
421,302,5
421,190,5
421,163,2
421,137,5
421,309,2
421,152,5
421,169,1
421,143,3
421,181,4
422,109,1
422,243,2
422,128,4
422,263,1
422,199,5
422,69,1
422,154,5
422,314,3
422,315,2
422,229,2
423,290,1
423,101,2
423,311,3
423,326,3
423,293,4
423,239,5
424,125,3
424,144,5
424,190,5
424,127,1
424,160,3
424,307,4
424,94,5
424,266,2
424,185,3
424,197,1
424,311,5
424,191,1
425,84,4
425,339,4
425,71,4
425,245,2
425,298,2
425,284,5
425,147,4
426,201,5
426,312,2
426,253,3
426,145,2
426,82,1
426,86,4
426,188,4
426,191,4
427,83,2
427,141,4
427,87,2
427,114,2
427,104,5
427,293,3
428,259,3
428,296,5
428,248,1
428,290,3
428,270,1
428,148,2
428,105,1
428,174,3
428,233,3
428,313,3
428,180,2
429,172,3
429,116,1
429,204,1
429,262,2
429,339,3
430,276,2
430,227,3
430,191,3
430,323,4
430,85,4
430,219,5
430,218,5
431,119,4
431,84,5
431,214,4
431,248,1
431,243,3
431,138,5
432,238,5
432,127,4
432,135,3
432,329,3
432,75,2
432,224,3
432,238,3
433,194,1
433,76,5
433,69,2
433,174,2
433,206,1
433,281,4
433,246,5
433,268,4
433,238,3
433,134,3
434,233,5
434,122,4
434,338,1
434,247,3
434,156,4
434,77,3
434,132,3
434,183,5
435,135,2
435,83,4
435,177,5
435,120,5
435,129,1
435,325,4
435,89,5
435,180,3
435,69,3
435,233,5
435,143,1
435,190,1
435,256,3
435,282,5
436,156,2
436,70,2
436,154,2
436,248,3
436,190,3
437,86,3
437,308,4
437,229,2
437,224,2
437,127,4
437,178,2
437,74,2
437,332,2
437,301,1
437,318,2
437,209,4
438,297,3
438,159,4
438,212,4
438,157,1
438,144,1
438,329,4
438,127,5
438,143,4
438,191,2
438,237,2
439,106,4
439,296,3
439,70,5
439,191,3
439,202,1
439,324,2
439,337,5
439,257,3
439,138,1
439,271,4
439,184,5
439,323,5
439,273,2
439,305,4
440,240,1
440,136,3
440,340,2
440,205,2
440,145,1
440,265,3
440,322,2
440,193,5
440,173,2
440,311,1
440,135,1
441,336,2
441,244,4
441,284,4
441,202,5
441,241,3
441,228,1
441,103,2
441,221,3
442,290,4
442,155,4
442,301,5
442,295,1
442,238,4
442,82,4
442,329,2
442,322,4
442,329,5
442,256,5
442,141,2
442,278,3
443,339,4
443,107,4
443,94,1
443,245,2
443,317,4
443,236,5
444,202,5
444,152,1
444,139,2
444,249,3
444,215,1
444,98,2
444,179,4
445,254,2
445,324,5
445,216,4
445,208,5
445,233,5
446,308,4
446,96,4
446,231,4
446,137,4
446,212,1
446,237,4
446,92,4
446,144,2
446,286,4
446,141,4
446,312,2
447,148,3
447,254,3
447,320,2
447,322,2
447,234,2
447,291,2
448,290,2
448,166,2
448,139,5
448,104,2
448,308,4
448,206,5
448,275,3
448,301,1
449,279,3
449,214,1
449,308,1
449,242,1
449,289,2
449,151,5
449,259,5
449,142,3
450,169,4
450,126,2
450,126,2
450,306,3
450,122,4
450,154,1
450,156,5
450,315,4
450,111,4
450,112,3
451,255,3
451,300,1
451,240,3
451,281,2
451,256,2
451,241,2
451,139,5
451,333,2
452,277,3
452,272,5
452,338,1
452,241,5
452,180,3
452,117,2
452,105,1
452,243,4
452,154,3
453,270,3
453,78,4
453,82,4
453,278,5
453,227,5
453,73,4
453,247,4
453,70,5
453,255,1
454,202,2
454,339,1
454,150,2
454,212,2
454,213,5
454,212,3
454,251,2
454,227,3
454,182,4
454,171,5
454,168,4
454,72,5
455,150,2
455,242,3
455,106,3
455,136,1
455,149,5
455,73,3
455,125,1
455,249,3
455,175,5
455,263,2
456,218,1
456,137,2
456,264,2
456,130,3
456,232,4
456,313,1
456,116,4
456,273,2
456,302,3
456,302,2
456,245,1
456,233,2
456,155,5
456,199,4
457,261,2
457,147,5
457,156,4
457,145,2
457,112,5
457,87,2
457,147,3
457,248,3
457,275,2
457,171,3
457,140,4
457,268,1
458,290,4
458,130,2
458,188,2
458,179,2
458,283,3
458,201,3
458,305,3
458,118,3
459,324,1
459,149,4
459,88,2
459,283,5
459,179,3
459,296,4
460,249,4
460,220,3
460,123,3
460,198,1
460,339,1
460,116,2
460,307,3
460,74,4
460,278,5
460,70,2
460,91,3
460,85,3
460,71,1
460,319,4
461,140,4
461,96,3
461,170,5
461,191,4
461,141,5
461,72,2
462,121,3
462,193,4
462,206,3
462,310,4
462,273,5
462,116,1
462,138,5
463,226,5
463,139,4
463,288,2
463,186,4
463,96,1
463,245,2
463,330,2
463,306,1
463,306,4
463,99,3
463,304,5
463,284,5
464,188,3
464,69,1
464,324,3
464,125,5
464,206,2
464,273,4
464,207,4
464,157,1
465,264,4
465,249,5
465,96,4
465,113,1
465,320,3
466,231,3
466,153,1
466,336,4
466,236,3
466,287,4
466,180,2
466,227,5
467,237,5
467,307,1
467,247,4
467,85,5
467,240,2
467,234,4
468,292,4
468,175,3
468,316,5
468,221,4
468,151,3
468,154,3
468,111,1
468,266,1
469,329,3
469,305,2
469,115,4
469,151,5
469,233,4
469,177,2
469,219,4
469,255,3
469,157,4
469,74,1
470,150,5
470,330,4
470,194,3
470,274,1
470,331,3
470,203,4
470,150,4
470,169,3
470,261,1
470,194,5
470,329,1
470,222,5
470,292,2
470,242,3
471,225,2
471,261,1
471,150,4
471,117,4
471,197,2
471,157,3
471,254,5
471,168,3
471,244,2
471,255,5
471,182,1
471,71,4
471,104,2
471,109,5
472,197,1
472,185,2
472,71,1
472,311,2
472,121,1
472,80,5
472,175,1
472,333,4
472,319,2
472,77,4
473,135,1
473,181,3
473,295,4
473,145,2
473,280,3
474,175,4
474,320,4
474,291,1
474,301,2
474,231,4
474,111,2
474,225,2
474,287,1
474,105,5
474,329,1
474,269,1
474,308,3
474,220,2
475,121,5
475,126,3
475,204,4
475,202,2
475,207,4
475,172,1
475,72,1
475,150,4
475,205,2
476,286,4
476,328,3
476,308,2
476,246,1
476,220,3
476,160,3
476,71,1
477,94,2
477,156,3
477,199,2
477,102,3
477,290,3
477,168,1
477,185,5
477,286,3
478,186,1
478,282,5
478,195,2
478,298,4
478,303,1
478,332,2
478,200,3
478,79,2
478,272,3
478,321,1
478,160,4
478,305,5
478,149,5
479,175,5
479,185,5
479,138,5
479,255,5
479,234,5
479,226,2
479,75,1
480,72,3
480,186,5
480,72,1
480,257,5
480,94,5
480,334,3
480,305,3
480,224,3
480,297,1
480,246,3
480,163,4
480,274,2
480,272,3
480,162,1
480,315,1
481,93,4
481,322,3
481,116,1
481,300,5
481,181,1
481,247,4
482,152,4
482,295,1
482,186,5
482,81,4
482,233,5
482,328,2
482,82,5
482,135,2
482,114,3
482,174,2
482,191,1
482,91,2
483,313,4
483,258,3
483,338,4
483,305,4
483,233,2
483,303,5
483,237,3
483,270,4
483,154,2
483,103,2
483,231,4
483,93,5
484,265,2
484,226,4
484,109,3
484,308,4
484,317,5
484,180,1
484,143,3
484,113,1
484,184,3
484,219,4
484,236,3
484,305,2
484,164,2
484,258,5
484,271,4
485,151,2
485,304,4
485,240,2
485,329,1
485,257,3
485,303,1
485,306,5
485,156,5
485,146,1
485,113,5
485,179,2
485,69,4
486,215,4
486,172,4
486,184,3
486,95,2
486,319,4
486,216,5
487,324,1
487,196,4
487,313,1
487,294,3
487,174,1
487,334,2
487,292,3
487,223,3
487,103,3
487,326,2
487,276,3
488,202,4
488,145,3
488,70,1
488,149,5
488,150,2
488,285,5
488,253,3
488,168,4
488,117,2
488,69,3
488,306,5
488,194,5
488,110,2
489,161,1
489,154,5
489,139,3
489,179,2
489,172,3
489,155,3
489,179,4
489,251,3
490,325,3
490,165,2
490,153,1
490,330,2
490,323,4
490,191,1
490,141,5
490,250,3
490,141,1
490,263,1
490,103,1
490,109,4
490,284,4
491,169,3
491,172,5
491,297,4
491,214,5
491,187,4
491,164,2
491,327,2
491,306,1
491,291,5
491,208,4
492,261,1
492,255,5
492,93,5
492,299,3
492,120,2
492,84,1
492,337,2
492,273,4
492,329,4
492,158,5
492,238,2
492,89,4
493,225,5
493,333,5
493,298,3
493,255,3
493,87,1
494,308,1
494,313,2
494,232,2
494,223,5
494,292,4
494,303,4
494,137,5
494,296,4
494,187,5
494,291,2
495,91,3
495,212,2
495,275,5
495,87,3
495,103,4
495,135,2
495,245,1
495,205,3
495,269,3
495,164,4
495,107,1
495,203,1
496,141,3
496,241,2
496,326,5
496,257,2
496,167,4
496,198,4
496,155,1
496,108,2
496,151,1
496,257,3
496,189,2
496,306,4
496,138,1
496,134,4
497,173,1
497,329,5
497,131,5
497,75,2
497,331,5
497,156,5
497,110,2
497,159,1
497,160,1
497,77,3
497,305,3
497,324,4
497,71,2
497,330,4
497,134,2
498,82,5
498,141,4
498,277,3
498,200,3
498,83,4
498,272,1
498,83,4
498,262,1
498,149,1
499,146,4
499,77,4
499,295,4
499,240,4
499,229,3
499,214,5
500,145,5
500,90,5
500,334,4
500,316,4
500,283,5
500,139,1
500,291,4
500,109,5
500,239,5
500,311,1
500,225,4
501,171,3
501,106,3
501,91,5
501,274,1
501,184,3
501,254,2
501,272,2
501,225,1
502,311,1
502,230,1
502,251,2
502,300,2
502,118,5
502,278,2
502,156,4
502,286,3
502,126,1
502,116,3
502,294,2
502,93,1
502,94,1
503,139,4
503,97,4
503,330,5
503,125,4
503,272,3
503,230,3
503,276,2
503,295,2
503,291,4
503,217,4
504,89,3
504,163,5
504,135,5
504,98,5
504,305,4
504,309,5
504,104,3
504,133,5
504,317,4
504,91,2
505,88,1
505,187,3
505,111,1
505,125,3
505,310,5
505,200,2
505,291,4
505,188,3
505,248,2
505,335,2
505,233,3
506,245,1
506,125,1
506,143,1
506,243,4
506,141,1
506,72,1
507,332,4
507,167,5
507,152,4
507,326,5
507,178,3
508,313,4
508,248,4
508,108,3
508,195,4
508,304,4
508,210,4
508,240,5
508,291,4
508,85,1
508,115,5
508,317,2
509,187,3
509,212,5
509,73,4
509,253,4
509,119,2
509,284,1
510,302,4
510,319,3
510,115,2
510,302,1
510,274,1
510,297,3
510,110,5
510,131,3
510,308,2
510,197,2
510,304,1
511,332,1
511,204,5
511,174,4
511,313,3
511,184,3
511,146,3
511,181,2
511,134,1
511,138,2
512,333,2
512,304,4
512,256,5
512,106,4
512,297,2
512,192,2
512,188,5
512,329,3
512,164,2
512,233,1
512,222,5
512,328,2
512,144,3
512,279,1
513,254,3
513,92,2
513,209,5
513,168,1
513,296,1
513,296,3
513,258,1
513,118,1
513,297,2
514,302,2
514,334,1
514,252,3
514,150,3
514,104,4
514,265,1
514,110,4
514,285,5
514,135,1
514,300,4
514,288,4
514,306,5
514,250,4
514,260,5
514,320,4
515,251,3
515,100,4
515,251,1
515,107,5
515,226,4
515,291,1
515,284,2
516,132,3
516,103,1
516,143,5
516,328,2
516,236,1
516,115,4
516,204,4
516,210,2
516,262,3
516,315,3
516,210,5
516,227,5
517,266,1
517,70,2
517,125,5
517,134,4
517,218,5
518,299,1
518,172,5
518,221,1
518,133,3
518,252,1
518,123,3
518,211,4
518,76,5
518,218,1
518,302,5
518,296,1
518,218,4
518,155,4
519,219,1
519,325,4
519,250,2
519,290,4
519,208,2
519,271,4
519,268,5
519,332,5
519,240,1
519,323,3
520,335,5
520,316,3
520,84,4
520,253,1
520,262,1
521,140,5
521,156,1
521,88,5
521,185,3
521,109,2
521,165,4
521,130,4
521,265,4
521,208,1
521,124,5
521,119,2
521,328,2
522,338,4
522,302,3
522,274,3
522,224,4
522,178,1
523,298,5
523,84,5
523,243,3
523,88,1
523,150,5
523,322,1
523,158,3
524,176,4
524,325,5
524,144,3
524,312,4
524,304,2
524,246,1
524,128,2
524,315,3
524,184,3
525,166,5
525,261,5
525,134,1
525,288,4
525,114,3
525,231,4
525,171,2
525,317,3
525,296,2
526,283,2
526,69,1
526,179,3
526,104,3
526,181,5
527,232,3
527,317,2
527,239,4
527,131,1
527,196,2
527,70,2
527,136,1
527,138,2
527,283,3
527,161,2
527,77,1
527,139,3
527,114,4
527,141,4
528,194,4
528,185,5
528,74,2
528,332,4
528,259,3
528,330,2
528,163,4
528,184,2
528,75,3
528,160,5
528,122,3
528,280,3
528,291,4
528,211,4
529,335,5
529,249,3
529,302,4
529,194,1
529,217,2
529,244,1
529,210,1
529,200,5
529,313,5
529,201,2
530,282,1
530,131,4
530,136,1
530,155,1
530,166,1
530,117,2
530,208,1
530,290,4
531,100,5
531,222,4
531,271,5
531,340,4
531,98,4
531,190,5
531,94,1
531,263,5
532,70,4
532,77,5
532,105,5
532,122,5
532,194,1
533,103,5
533,108,4
533,246,3
533,333,5
533,207,3
533,91,5
533,129,5
533,78,1
533,98,1
533,80,2
533,208,5
533,95,3
534,282,5
534,265,5
534,89,2
534,147,1
534,310,5
534,313,4
534,276,5
534,183,4
534,322,2
534,304,3
534,291,3
534,173,1
534,317,5
534,188,3
535,148,1
535,111,3
535,132,4
535,138,3
535,309,5
535,136,3
535,111,3
535,121,2
535,238,4
535,251,1
535,171,4
535,133,1
535,311,4
536,104,2
536,235,4
536,203,4
536,70,1
536,299,4
536,273,4
537,323,3
537,78,2
537,305,3
537,167,4
537,94,5
537,228,1
537,124,3
537,175,1
537,215,5
537,279,5
537,257,2
537,225,4
537,302,1
537,236,3
537,96,4
538,217,1
538,269,5
538,206,3
538,199,2
538,154,2
538,134,4
538,202,2
538,280,4
538,155,1
538,285,5
539,144,4
539,224,2
539,204,3
539,322,3
539,318,2
539,78,5
539,201,1
539,226,3
539,151,4
539,124,5
539,176,2
539,198,3
539,222,1
540,139,2
540,248,2
540,103,3
540,284,4
540,129,3
540,110,1
540,326,5
540,249,3
540,271,2
540,267,3
540,306,2
540,281,2
540,294,5
540,282,4
541,240,2
541,250,4
541,84,3
541,254,2
541,255,3
541,219,4
541,271,1
541,231,1
541,319,4
541,206,4
541,179,5
542,116,5
542,130,5
542,90,4
542,116,3
542,293,4
542,126,3
542,293,4
542,164,2
542,80,4
542,130,2
543,128,2
543,261,3
543,209,3
543,327,1
543,216,2
543,218,4
543,288,1
543,144,3
543,149,1
543,133,4
544,169,2
544,166,2
544,300,1
544,237,2
544,285,5
545,193,2
545,196,5
545,115,2
545,181,3
545,289,4
545,106,5
545,308,4
545,327,2
546,287,5
546,330,2
546,274,4
546,105,4
546,338,3
546,251,1
546,81,2
546,216,1
546,263,2
546,171,1
546,206,1
546,102,5
546,137,2
546,243,3
547,164,2
547,190,3
547,205,1
547,197,5
547,144,4
547,217,4
547,295,1
547,118,2
547,254,5
547,100,3
547,191,2
547,146,2
547,79,4
548,236,3
548,254,4
548,180,2
548,282,3
548,308,5
548,277,3
548,322,5
548,309,4
548,192,4
548,277,1
548,153,4
549,87,5
549,190,4
549,251,4
549,244,5
549,139,3
549,270,2
549,246,4
549,87,4
549,104,5
550,127,4
550,257,2
550,124,5
550,190,2
550,232,5
550,296,3
550,116,4
550,195,1
550,297,1
550,75,3
550,154,1
550,303,5
551,183,1
551,192,2
551,329,1
551,293,3
551,150,3
551,249,4
551,340,4
551,308,5
552,113,2
552,236,4
552,248,2
552,70,3
552,231,2
552,267,5
552,98,1
552,332,3
552,164,1
553,280,2
553,104,3
553,91,5
553,291,5
553,262,2
553,320,1
553,158,2
553,198,1
553,71,4
553,77,1
553,80,1
553,262,3
553,338,5
553,251,3
553,92,2
554,166,5
554,225,5
554,150,2
554,260,2
554,83,1
554,96,4
554,140,2
554,130,2
554,86,3
555,173,4
555,288,3
555,149,1
555,171,3
555,167,3
555,337,4
555,293,4
555,244,3
555,116,3
555,115,2
555,161,1
555,323,5
555,203,5
555,94,3
556,106,3
556,207,2
556,185,1
556,95,1
556,163,3
556,254,5
556,232,2
556,271,5
556,149,1
556,108,2
556,144,3
556,239,5
556,241,3
557,333,1
557,180,5
557,225,2
557,69,2
557,116,5
557,118,4
557,256,5
557,123,5
557,175,5
557,149,1
558,114,2
558,80,4
558,299,3
558,83,2
558,149,2
558,297,1
558,310,3
558,309,3
558,270,1
558,203,3
558,236,3
558,161,1
558,266,4
558,180,4
559,228,3
559,149,2
559,88,5
559,125,4
559,267,4
560,312,1
560,294,4
560,91,3
560,138,1
560,228,4
560,91,5
560,96,4
560,325,2
560,265,1
560,121,2
560,124,4
561,176,5
561,162,3
561,204,2
561,292,2
561,271,1
561,145,5
561,258,2
561,265,4
562,113,2
562,140,4
562,328,5
562,216,5
562,171,4
562,137,5
562,81,4
562,313,3
562,323,4
562,183,3
562,338,4
562,283,1
562,236,2
562,297,3
562,108,3
563,153,2
563,226,4
563,77,5
563,203,4
563,80,5
563,182,2
563,336,1
563,332,4
563,89,4
563,132,2
563,212,2
564,131,4
564,241,5
564,238,5
564,181,2
564,250,2
564,111,2
565,156,3
565,237,3
565,179,1
565,83,5
565,302,3
565,313,2
565,207,5
565,236,2
565,267,4
565,275,2
565,176,2
565,166,2
565,217,4
566,246,4
566,81,3
566,267,1
566,132,4
566,133,4
566,266,4
566,225,3
566,169,1
566,210,3
566,272,4
567,307,5
567,259,5
567,225,4
567,262,3
567,248,2
567,215,1
567,305,1
567,86,2
567,205,2
567,242,2
568,246,1
568,168,1
568,213,5
568,94,4
568,181,5
568,212,4
568,107,5
568,135,1
568,123,4
568,108,5
568,173,4
568,216,1
569,93,1
569,119,3
569,314,2
569,131,5
569,337,3
569,162,1
569,130,4
569,172,3
569,317,2
569,320,4
569,335,2
569,172,4
569,129,4
569,245,3
570,136,1
570,280,3
570,254,1
570,98,1
570,228,3
571,257,3
571,290,4
571,214,3
571,115,3
571,307,2
572,167,1
572,264,3
572,117,1
572,205,5
572,338,2
572,309,3
572,313,4
572,116,4
572,125,3
572,77,3
572,230,4
572,243,2
572,92,4
572,214,5
573,203,5
573,102,3
573,249,3
573,334,2
573,171,2
573,91,5
573,170,3
573,311,2
573,253,3
573,212,2
573,154,1
573,295,2
573,170,3
573,69,4
573,224,1
574,337,2
574,242,1
574,80,1
574,80,1
574,153,4
574,94,1
574,75,4
574,311,4
575,164,3
575,190,5
575,252,1
575,289,3
575,98,5
575,275,1
575,80,1
575,78,2
575,103,1
576,205,1
576,238,4
576,321,3
576,121,2
576,173,5
576,191,2
576,338,5
576,195,5
576,78,5
576,105,1
576,257,3
576,282,4
576,220,5
577,75,5
577,78,5
577,154,5
577,236,1
577,302,5
577,151,3
577,80,2
578,146,2
578,218,2
578,317,2
578,283,3
578,302,1
578,223,5
578,278,4
578,86,3
578,257,5
578,298,1
578,270,4
578,281,5
578,156,4
578,310,2
579,172,2
579,71,1
579,72,5
579,131,5
579,259,2
579,235,4
579,257,2
579,110,2
580,170,2
580,230,3
580,72,2
580,308,2
580,258,1
580,318,3
580,327,1
580,118,4
581,264,2
581,260,5
581,102,3
581,121,5
581,221,4
581,105,4
581,253,5
581,302,4
581,270,3
581,88,3
581,260,1
581,147,1
582,217,3
582,274,2
582,212,1
582,320,2
582,90,5
582,99,3
582,145,2
582,304,1
582,289,3
583,109,3
583,122,5
583,178,5
583,208,3
583,261,4
583,287,1
583,190,2
583,261,5
583,264,1
583,310,3
583,296,3
583,116,4
583,297,3
583,316,3
583,194,2
584,303,3
584,139,5
584,111,4
584,240,3
584,325,5
584,304,2
584,90,3
584,147,4
584,79,5
584,288,3
584,69,4
584,228,5
584,249,2
584,276,3
585,114,2
585,133,4
585,155,4
585,118,5
585,102,5
585,323,5
585,102,2
585,277,5
585,107,3
585,319,5
586,251,2
586,288,5
586,335,1
586,296,2
586,223,3
586,211,2
586,285,2
586,337,2
586,328,5
586,209,2
586,167,2
586,234,4
586,213,3
586,148,5
586,208,2
587,71,3
587,178,2
587,107,1
587,118,5
587,265,5
587,242,3
587,276,2
588,288,1
588,73,2
588,296,3
588,74,3
588,236,1
588,116,3
588,260,2
588,188,4
588,338,2
588,199,5
588,157,4
589,240,2
589,297,1
589,316,2
589,98,5
589,215,2
589,115,4
589,204,5
590,216,5
590,131,1
590,125,2
590,321,5
590,316,2
590,251,2
590,88,2
590,321,3
590,208,2
590,89,1
590,98,2
590,336,3
590,174,3
590,187,1
590,222,3
591,337,5
591,89,4
591,132,5
591,243,3
591,298,1
591,172,4
591,276,2
591,319,3
591,215,2
591,253,1
591,231,4
591,318,5
591,276,3
591,117,4
592,195,4
592,110,4
592,69,2
592,112,3
592,304,2
592,174,3
592,135,2
592,175,3
592,332,4
592,303,1
593,248,1
593,104,4
593,197,2
593,119,3
593,337,3
594,128,2
594,227,4
594,91,5
594,211,4
594,315,4
594,202,1
594,313,5
594,216,2
594,269,1
595,101,2
595,247,5
595,168,1
595,109,2
595,260,3
595,176,5
595,169,4
595,94,1
595,257,5
595,76,2
595,116,4
596,273,5
596,114,3
596,338,2
596,303,2
596,82,3
596,81,2
596,254,3
596,281,1
597,125,1
597,149,5
597,129,5
597,186,5
597,110,4
597,226,5
597,270,5
597,229,3
597,264,5
597,242,4
598,107,2
598,100,4
598,319,1
598,101,4
598,307,1
598,316,3
598,76,2
598,272,3
598,142,2
598,159,5
598,282,5
599,314,5
599,282,3
599,210,4
599,118,2
599,282,1
599,127,4
599,122,5
599,338,5
599,115,1
599,127,3
600,237,5
600,183,5
600,263,2
600,218,2
600,91,3
600,263,4
600,270,4
600,263,1
600,238,5
600,185,4
600,147,4
600,205,3
600,192,3
600,313,1
600,331,2
601,200,2
601,193,5
601,92,5
601,143,3
601,175,2
601,142,1
601,87,4
601,282,1
601,237,4
601,88,1
601,279,5
601,330,1
601,267,2
602,150,2
602,179,3
602,90,5
602,305,3
602,273,1
602,95,2
602,76,3
602,96,1
603,242,2
603,75,4
603,156,2
603,152,2
603,72,1
603,191,2
604,151,4
604,201,2
604,257,4
604,249,2
604,116,5
604,299,4
604,180,1
604,227,2
604,136,4
604,98,2
604,180,3
605,327,5
605,178,1
605,112,3
605,337,1
605,280,5
606,157,2
606,128,1
606,249,2
606,84,3
606,78,5
606,198,1
606,222,1
606,127,2
606,306,2
606,301,2
606,174,3
606,306,3
606,224,3
607,157,1
607,234,1
607,302,1
607,263,5
607,151,4
607,98,2
607,296,1
607,114,1
607,126,4
608,75,4
608,220,3
608,122,2
608,318,1
608,135,5
608,288,2
608,147,1
608,120,3
608,300,1
608,137,1
608,325,1
608,106,1
608,124,4
608,91,3
608,197,4
609,249,1
609,229,4
609,293,1
609,289,3
609,183,5
610,275,4
610,335,2
610,143,2
610,183,3
610,235,2
610,137,1
610,287,3
610,326,4
610,256,2
610,236,1
611,89,3
611,273,4
611,84,2
611,263,3
611,237,2
612,110,5
612,206,2
612,163,5
612,231,3
612,269,3
612,185,2
612,167,2
612,115,4
612,212,4
612,322,2
612,190,2
613,156,4
613,147,1
613,225,2
613,207,3
613,230,4
614,153,3
614,149,3
614,319,5
614,170,5
614,157,4
614,184,4
614,267,4
614,242,3
614,338,3
614,200,1
614,108,2
615,99,2
615,143,5
615,174,4
615,202,5
615,173,2
615,306,5
615,233,5
615,173,4
615,138,2
615,229,5
615,282,1
615,227,3
615,160,1
616,287,1
616,138,1
616,100,1
616,326,2
616,223,5
616,117,5
617,85,4
617,134,4
617,221,4
617,275,2
617,243,5
617,142,3
617,228,4
617,250,1
618,85,5
618,281,5
618,82,5
618,332,4
618,264,4
618,310,4
618,144,5
618,261,4
618,106,1
618,187,3
619,192,3
619,326,1
619,195,1
619,137,2
619,156,2
619,305,3
619,160,3
619,229,5
619,130,4
619,241,1
619,109,1
619,106,5
619,268,1
619,75,4
619,249,4
620,316,4
620,300,3
620,299,3
620,255,2
620,195,2
620,119,5
620,188,2
620,315,4
621,331,1
621,111,4
621,193,4
621,96,5
621,128,5
621,191,2
621,316,3
621,332,5
621,134,4
621,207,5
622,315,4
622,160,3
622,148,5
622,107,1
622,271,2
622,308,4
622,312,3
622,98,5
622,130,5
622,234,3
622,269,5
622,141,3
622,255,2
622,268,4
622,220,3
623,194,1
623,304,3
623,110,2
623,274,1
623,147,2
623,157,5
623,214,3
623,127,5
623,308,3
623,166,2
623,100,2
623,215,3
623,141,2
623,104,3
623,315,2
624,280,4
624,252,3
624,244,4
624,104,1
624,166,4
624,151,5
624,138,5
624,242,2
625,256,4
625,224,4
625,243,2
625,316,3
625,314,3
625,163,3
625,167,2
625,145,2
625,177,2
625,132,2
625,242,5
625,168,4
626,250,4
626,113,3
626,270,5
626,173,5
626,137,3
626,134,2
626,309,4
626,244,3
626,142,2
626,175,1
626,226,3
626,148,1
626,267,4
627,84,3
627,336,1
627,142,1
627,281,5
627,316,2
627,293,4
627,251,5
627,272,4
628,220,4
628,292,1
628,69,4
628,196,1
628,82,2
628,154,4
628,110,5
628,174,2
628,306,1
628,94,3
629,166,3
629,311,4
629,306,1
629,233,4
629,121,3
629,144,4
629,336,4
629,138,5
630,77,2
630,138,3
630,281,1
630,173,2
630,216,1
630,151,5
630,138,5
630,146,2
630,326,5
630,258,2
630,158,5
630,177,1
630,223,5
630,145,5
630,152,1
631,188,5
631,300,5
631,237,2
631,245,1
631,86,2
631,222,3
631,198,5
632,98,3
632,264,2
632,188,4
632,331,5
632,256,3
632,182,3
632,176,1
632,141,2
632,139,5
632,241,4
633,121,3
633,161,1
633,332,3
633,324,3
633,75,2
633,69,5
633,331,1
634,248,1
634,85,2
634,305,5
634,199,5
634,231,1
634,177,5
634,308,4
634,252,4
634,306,4
634,90,1
635,93,5
635,129,3
635,320,5
635,72,4
635,70,5
635,273,3
635,180,4
635,213,5
635,126,4
635,163,1
635,210,3
635,137,3
635,204,4
635,124,4
636,158,1
636,242,3
636,296,3
636,340,4
636,110,2
636,226,5
636,284,5
636,188,5
637,290,4
637,98,1
637,236,1
637,124,3
637,148,5
637,140,1
637,126,2
638,217,1
638,261,2
638,299,4
638,107,2
638,309,2
638,246,1
638,212,3
638,267,4
638,144,4
638,190,2
638,207,4
638,157,4
638,115,5
638,304,4
639,268,5
639,230,3
639,322,2
639,288,5
639,183,3
639,271,4
639,281,4
639,85,5
639,252,4
640,186,1
640,294,3
640,234,1
640,164,5
640,136,5
641,154,2
641,298,3
641,120,3
641,201,2
641,168,4
642,262,2
642,115,1
642,288,5
642,322,5
642,124,2
642,161,5
642,140,4
642,300,1
642,286,1
642,92,5
642,193,2
642,221,3
642,269,2
642,319,4
643,306,2
643,232,5
643,297,1
643,83,4
643,148,5
643,234,2
643,287,1
643,91,2
643,81,2
643,152,4
643,172,5
644,180,1
644,197,3
644,261,2
644,258,2
644,243,5
644,221,4
644,185,2
644,170,5
644,203,5
644,315,4
644,159,3
644,106,2
645,140,5
645,207,3
645,228,1
645,282,2
645,166,4
645,89,1
645,139,1
645,122,2
645,138,4
645,87,3
645,156,1
646,238,1
646,192,2
646,118,1
646,319,4
646,317,3
646,230,2
646,170,4
646,100,5
646,94,1
646,184,2
646,99,2
646,208,2
647,288,3
647,202,1
647,269,1
647,338,5
647,257,4
648,161,2
648,142,5
648,219,1
648,184,3
648,172,1
648,125,1
648,75,4
648,331,1
648,180,4
648,198,4
648,330,1
648,200,4
649,187,1
649,329,5
649,148,1
649,338,3
649,202,2
649,325,5
649,313,5
649,112,4
649,320,5
649,266,3
649,295,4
649,269,4
650,225,4
650,87,3
650,134,3
650,208,4
650,104,5
650,168,1
650,141,4
650,181,3
650,232,4
650,100,5
650,179,1
651,326,2
651,264,5
651,129,2
651,219,1
651,266,1
651,201,4
651,100,5
651,328,3
651,156,2
651,218,2
651,159,5
652,208,4
652,153,5
652,80,5
652,246,5
652,334,5
652,132,1
652,115,5
652,105,5
652,229,3
652,211,4
652,148,5
652,234,1
652,180,5
652,121,4
652,317,3
653,182,5
653,200,2
653,293,4
653,252,5
653,125,4
653,237,5
653,271,4
654,136,3
654,123,1
654,254,4
654,245,3
654,98,1
654,204,5
654,336,4
654,128,2
655,188,1
655,243,4
655,300,4
655,184,5
655,130,1
655,203,5
655,235,1
655,158,2
655,323,4
655,291,5
655,271,3
655,114,3
655,88,3
655,259,4
656,326,4
656,246,1
656,74,5
656,145,1
656,131,5
656,135,5
656,70,3
656,156,4
656,195,2
656,69,4
656,263,5
657,223,4
657,320,1
657,205,3
657,320,1
657,335,3
657,173,3
657,277,3
657,315,4
657,328,3
657,296,4
657,339,1
657,133,5
658,337,3
658,170,4
658,272,5
658,330,2
658,195,4
658,243,2
659,231,2
659,173,2
659,316,4
659,263,5
659,242,2
659,74,4
659,85,2
660,242,3
660,79,4
660,176,2
660,296,5
660,323,2
660,130,2
660,289,5
660,203,1
660,199,2
660,285,3
660,328,3
660,169,5
660,250,1
660,289,5
660,158,2
661,280,4
661,297,1
661,333,3
661,73,5
661,201,5
661,213,4
662,146,3
662,335,4
662,93,5
662,200,3
662,251,3
662,234,1
662,79,4
662,138,1
662,295,3
662,257,3
662,175,2
662,326,4
662,110,3
663,177,2
663,280,3
663,162,3
663,94,1
663,230,3
663,169,5
663,303,3
663,251,2
663,153,3
663,187,4
663,321,5
663,75,2
664,225,3
664,141,1
664,217,2
664,71,2
664,77,5
664,310,4
664,112,1
664,220,4
665,131,1
665,264,5
665,85,1
665,142,2
665,168,1
665,192,2
665,296,4
666,200,4
666,238,5
666,255,4
666,267,2
666,111,1
666,166,5
666,290,2
666,145,1
666,302,1
666,239,5
666,291,2
666,196,2
666,326,5
666,338,5
666,100,2
667,163,4
667,335,3
667,338,4
667,316,3
667,188,3
667,176,3
667,114,4
667,262,4
667,155,2
668,69,5
668,236,3
668,77,4
668,145,1
668,223,4
668,170,5
668,113,1
668,281,3
668,157,3
668,210,4
668,322,1
668,253,2
669,90,3
669,331,5
669,92,1
669,142,3
669,97,4
669,189,5
669,315,3
669,137,4
669,163,4
669,269,1
669,200,5
670,292,2
670,214,1
670,186,3
670,272,1
670,134,4
670,286,4
670,320,1
670,241,5
670,329,5
670,234,5
670,95,2
670,124,3
670,69,5
670,223,3
670,210,4
671,193,2
671,181,5
671,277,2
671,110,3
671,296,1
671,136,3
671,230,2
671,182,2
671,206,3
671,238,4
671,334,3
672,337,3
672,290,4
672,315,5
672,167,2
672,174,1
672,184,1
673,332,4
673,226,2
673,248,5
673,81,5
673,84,1
673,323,3
674,138,3
674,261,1
674,261,3
674,301,3
674,210,3
674,93,5
674,181,3
674,326,5
675,165,3
675,258,3
675,105,3
675,169,2
675,155,5
675,306,1
675,142,1
675,273,2
675,262,2
675,166,1
676,222,5
676,248,4
676,184,4
676,245,4
676,205,2
676,145,4
677,80,3
677,116,2
677,249,5
677,258,2
677,149,2
677,275,2
677,132,3
677,247,4
677,259,4
677,212,1
677,322,2
677,186,2
677,230,5
678,188,4
678,235,3
678,314,1
678,294,5
678,184,5
678,178,5
678,209,4
678,135,4
678,160,1
678,87,4
678,90,2
678,156,4
678,143,4
679,133,5
679,207,4
679,303,5
679,243,2
679,171,1
679,289,5
679,124,1
679,255,4
679,253,1
679,296,3
680,70,1
680,319,3
680,86,4
680,126,1
680,126,5
680,276,5
680,273,1
680,75,1
680,241,1
680,175,2
680,120,5
680,284,1
680,142,4
680,206,4
681,144,3
681,158,2
681,263,3
681,113,5
681,128,5
681,297,1
681,233,1
681,205,2
681,242,4
681,122,4
682,301,2
682,277,5
682,107,2
682,197,1
682,315,1
682,238,2
682,275,2
682,184,3
683,80,5
683,76,3
683,220,3
683,71,2
683,197,3
684,234,2
684,320,4
684,331,1
684,146,4
684,332,2
685,186,1
685,301,2
685,304,1
685,296,4
685,241,3
685,111,5
685,289,4
686,324,5
686,327,1
686,239,4
686,157,1
686,183,2
686,187,5
686,209,5
686,162,2
686,279,3
686,338,5
686,138,2
686,256,3
686,261,2
686,84,3
687,145,1
687,323,2
687,105,3
687,111,1
687,323,5
687,190,4
687,170,4
687,296,2
687,305,5
687,125,3
687,229,2
687,170,2
687,310,4
687,206,5
688,310,5
688,235,3
688,165,1
688,162,3
688,251,4
688,208,1
688,107,3
688,146,5
688,131,4
688,173,3
688,186,3
688,96,5
689,237,3
689,163,4
689,337,5
689,145,3
689,292,2
690,158,3
690,286,4
690,242,5
690,73,4
690,286,5
690,71,5
690,272,5
690,263,3
690,225,2
690,200,3
690,114,3
690,299,5
691,91,3
691,258,4
691,277,3
691,163,3
691,237,5
691,270,2
691,320,4
691,108,4
691,289,1
691,229,1
691,140,5
691,227,5
692,180,5
692,71,3
692,288,3
692,215,4
692,178,4
693,90,5
693,259,2
693,267,5
693,225,1
693,173,3
693,192,2
693,103,1
693,310,3
693,184,1
693,227,5
693,133,3
693,173,2
693,337,4
694,286,5
694,248,2
694,153,3
694,235,5
694,219,4
694,284,4
695,84,1
695,201,4
695,154,5
695,139,3
695,160,1
696,152,3
696,91,3
696,313,5
696,69,5
696,222,4
696,139,1
696,251,4
696,301,1
696,265,4
696,334,5
697,309,1
697,70,4
697,278,2
697,170,2
697,213,2
697,229,2
697,170,4
697,232,5
698,173,1
698,126,5
698,312,1
698,204,2
698,331,5
698,150,5
698,273,2
698,196,3
699,288,1
699,167,2
699,155,2
699,175,5
699,206,1
699,158,3
699,177,3
699,327,4
699,95,5
699,311,3
699,329,4
699,176,5
699,131,1
699,197,1
699,77,1
700,199,5
700,227,4
700,313,3
700,137,4
700,83,3
700,185,5
700,144,1
700,145,4
700,316,1
700,142,4
700,235,3
700,248,3
700,144,5
700,107,1
700,117,4
701,271,1
701,123,3
701,136,4
701,198,5
701,326,4
701,203,5
701,258,3
701,316,1
701,319,5
701,265,5
701,100,4
701,112,5
701,247,5
701,309,4
701,94,5
702,324,1
702,112,4
702,95,2
702,170,1
702,262,5
703,129,5
703,112,4
703,156,1
703,180,1
703,156,1
703,333,3
703,241,4
703,120,3
703,144,3
703,187,2
703,193,4
704,129,3
704,89,2
704,144,5
704,213,1
704,212,3
704,248,5
705,245,3
705,252,2
705,205,4
705,213,1
705,334,2
705,207,1
705,330,3
705,313,3
705,164,5
705,154,4
705,240,3
705,200,1
705,237,1
705,331,2
706,311,3
706,151,4
706,211,1
706,326,4
706,271,5
706,107,5
706,113,2
706,302,4
706,207,2
706,301,4
706,299,4
706,299,5
706,193,3
706,243,3
707,94,3
707,240,4
707,141,4
707,197,1
707,160,3
707,193,3
707,280,3
707,117,1
707,333,2
707,161,2
707,204,2
707,320,2
707,323,3
707,247,2
707,249,1
708,217,2
708,268,4
708,301,1
708,238,2
708,187,3
708,159,2
708,202,1
708,77,1
708,135,5
708,237,5
708,319,3
708,264,4
708,94,3
708,181,4
708,177,3
709,292,4
709,323,1
709,330,5
709,226,4
709,108,1
709,222,1
709,336,5
709,313,1
709,181,2
709,147,4
709,99,5
709,265,3
709,180,4
709,328,4
710,319,4
710,103,3
710,264,1
710,231,3
710,158,5
710,193,5
710,210,5
710,152,3
710,158,5
710,157,1
710,123,3
710,185,4
710,333,5
710,270,5
710,189,1
711,173,5
711,171,3
711,254,2
711,158,3
711,215,1
711,114,4
711,335,4
711,290,5
711,283,2
711,178,3
711,106,5
711,278,4
711,218,4
711,323,1
712,132,5
712,111,5
712,299,2
712,294,5
712,235,5
712,308,5
712,98,4
712,213,2
712,273,2
712,257,5
712,125,5
712,249,1
712,263,1
712,84,3
713,174,1
713,145,1
713,70,4
713,163,5
713,174,3
713,103,1
713,195,3
713,125,1
713,306,4
713,166,3
713,76,5
713,152,4
713,130,2
713,336,1
714,247,2
714,108,3
714,82,1
714,274,5
714,162,1
714,202,5
715,260,5
715,82,5
715,180,1
715,145,5
715,224,2
715,140,5
715,86,2
715,167,3
715,216,1
715,221,1
715,208,3
715,338,1
715,323,4
715,243,3
716,105,4
716,300,1
716,194,5
716,236,4
716,165,4
716,335,3
716,173,3
716,198,1
716,270,4
717,117,2
717,115,1
717,135,3
717,86,5
717,159,4
717,127,4
717,264,5
717,176,4
717,153,2
717,183,2
717,277,1
717,139,3
717,236,1
717,147,1
718,90,2
718,100,3
718,315,4
718,199,2
718,134,3
718,98,2
718,230,3
718,220,3
718,120,2
718,318,4
718,246,4
718,122,1
718,333,4
719,285,1
719,258,3
719,119,1
719,221,4
719,181,4
719,232,5
719,80,5
720,232,5
720,286,1
720,115,2
720,237,5
720,227,2
721,158,2
721,232,5
721,140,2
721,277,2
721,195,4
721,133,3
722,307,3
722,286,3
722,169,4
722,266,5
722,210,2
722,71,1
723,312,2
723,316,1
723,315,1
723,317,2
723,262,4
723,267,4
723,270,2
723,328,2
723,90,4
723,287,5
723,321,3
724,235,4
724,243,3
724,117,5
724,204,2
724,336,1
724,305,5
724,137,2
724,106,2
724,147,5
724,239,3
725,120,4
725,333,4
725,244,2
725,178,5
725,256,2
725,80,1
725,310,1
725,308,2
725,173,5
725,78,3
725,294,2
725,140,2
725,259,1
725,159,4
725,201,4
726,191,1
726,138,1
726,89,3
726,131,1
726,323,3
726,108,5
726,76,3
727,156,4
727,334,3
727,254,5
727,325,3
727,158,3
727,172,4
727,107,5
727,289,4
727,297,2
727,137,4
727,187,2
727,141,4
727,135,1
728,145,2
728,78,3
728,236,4
728,110,5
728,312,1
728,71,5
728,241,1
728,77,4
728,319,2
728,154,1
728,146,5
728,75,4
728,150,1
728,148,5
729,277,4
729,123,4
729,316,3
729,303,4
729,203,4
729,100,3
729,285,2
730,102,5
730,108,4
730,314,4
730,165,3
730,97,5
730,335,4
731,168,4
731,88,4
731,188,1
731,204,1
731,274,3
731,261,5
731,131,3
731,320,2
731,223,4
731,303,4
732,303,5
732,161,2
732,128,2
732,265,3
732,227,2
732,100,4
732,136,2
732,290,4
733,130,4
733,292,2
733,287,3
733,91,1
733,87,2
734,251,5
734,236,3
734,222,3
734,211,4
734,270,2
734,78,3
734,314,4
734,180,5
734,309,5
734,157,1
735,297,4
735,272,4
735,223,3
735,203,2
735,256,2
735,230,2
735,248,3
736,240,2
736,253,1
736,254,2
736,175,2
736,176,2
736,131,1
736,326,2
736,271,1
736,70,1
736,133,4
736,332,5
736,94,2
737,309,1
737,129,5
737,214,2
737,248,5
737,318,1
737,181,5
737,70,5
737,255,1
737,77,4
737,165,2
737,145,2
737,89,4
738,189,5
738,71,5
738,137,3
738,182,5
738,229,3
738,170,5
738,261,3
738,78,4
738,102,5
738,323,3
739,197,2
739,173,5
739,321,5
739,115,4
739,101,4
739,166,4
739,267,1
739,135,1
739,300,2
739,187,2
739,117,1
740,216,3
740,254,5
740,126,3
740,209,4
740,149,4
740,327,3
740,152,1
740,237,2
740,104,5
740,331,4
740,216,2
740,328,3
741,304,1
741,80,4
741,134,2
741,155,1
741,209,4
741,89,3
741,255,3
741,235,2
741,123,5
741,333,1
741,232,5
741,152,4
741,209,4
741,306,1
741,232,1
742,93,1
742,87,5
742,157,2
742,325,4
742,171,4
742,276,5
742,138,2
742,231,5
742,307,2
742,285,1
742,194,4
742,301,1
742,207,5
742,108,4
743,311,2
743,323,4
743,328,5
743,277,1
743,183,4
743,86,3
743,195,3
743,277,5
743,163,2
743,74,3
744,339,4
744,203,5
744,198,4
744,331,5
744,102,5
744,274,2
744,193,3
744,105,3
744,191,5
744,233,3
745,207,2
745,93,2
745,322,1
745,134,5
745,178,2
745,163,5
745,124,1
745,261,3
745,200,2
745,78,2
745,337,5
745,314,3
745,247,2
745,206,5
745,222,3
746,169,1
746,97,3
746,285,2
746,208,3
746,296,4
746,153,5
746,180,3
747,320,5
747,111,2
747,91,2
747,296,2
747,207,1
747,139,1
748,126,1
748,216,2
748,185,3
748,310,2
748,129,1
748,281,1
748,228,3
748,78,4
748,176,5
748,80,2
748,181,5
748,281,4
748,278,1
748,251,4
749,104,3
749,266,3
749,308,2
749,133,1
749,172,1
749,98,5
749,339,1
749,258,2
749,223,3
749,179,1
749,212,5
750,168,1
750,304,2
750,167,5
750,97,2
750,78,5
750,84,1
751,142,2
751,88,2
751,91,5
751,149,5
751,327,3
751,304,1
752,72,3
752,340,3
752,305,4
752,254,2
752,106,5
752,84,4
753,332,5
753,316,2
753,308,4
753,130,5
753,256,2
753,335,5
753,302,4
753,209,5
753,130,2
753,139,4
753,256,4
753,240,2
753,92,2
754,165,3
754,183,1
754,140,5
754,132,1
754,208,5
755,137,2
755,160,2
755,233,4
755,176,3
755,106,4
755,132,2
755,245,3
755,335,4
755,118,3
756,110,2
756,308,2
756,246,3
756,96,4
756,336,1
756,119,2
756,195,2
756,163,1
756,276,2
756,337,3
757,255,5
757,300,3
757,129,3
757,251,4
757,331,2
757,210,2
757,260,3
757,325,3
758,202,4
758,104,3
758,148,3
758,143,1
758,186,5
758,96,2
758,111,5
758,295,3
758,132,2
758,233,4
758,202,5
758,169,1
758,107,4
758,319,2
758,219,4
759,173,4
759,301,4
759,251,2
759,287,4
759,98,2
759,273,1
759,79,2
760,71,1
760,130,4
760,227,1
760,80,5
760,77,5
760,134,1
761,288,4
761,318,5
761,231,5
761,302,3
761,175,4
761,269,5
762,213,1
762,276,5
762,158,1
762,194,2
762,274,3
762,199,2
762,324,3
762,73,1
762,88,1
762,243,2
763,117,1
763,238,3
763,205,2
763,256,2
763,222,1
764,306,4
764,146,1
764,257,1
764,271,5
764,190,5
764,321,5
764,209,2
764,300,3
764,280,2
764,300,2
764,323,5
764,87,4
765,255,3
765,284,3
765,197,3
765,107,5
765,136,2
765,214,4
765,205,3
766,257,4
766,73,3
766,273,2
766,319,1
766,243,3
766,254,4
766,340,3
766,168,3
766,273,2
766,285,1
766,133,5
766,283,3
767,215,5
767,117,4
767,100,4
767,193,1
767,309,2
767,135,3
767,89,5
767,69,1
767,141,5
767,218,5
768,78,3
768,333,4
768,224,5
768,181,4
768,228,4
768,169,1
768,276,5
768,186,5
768,237,4
768,276,5
769,249,5
769,329,1
769,87,5
769,302,4
769,233,4
769,287,2
769,237,2
770,299,4
770,172,4
770,151,2
770,290,3
770,332,5
770,247,3
770,314,1
770,322,5
770,264,1
770,173,4
770,130,4
770,246,5
770,149,4
770,119,5
770,248,3
771,97,3
771,188,5
771,292,5
771,191,4
771,175,5
772,297,5
772,161,5
772,72,4
772,191,3
772,278,5
772,112,2
772,173,1
772,144,5
772,85,1
772,74,2
772,332,4
773,188,1
773,204,4
773,291,1
773,168,1
773,241,3
773,317,2
773,238,2
773,133,1
773,162,3
773,215,5
773,85,3
773,129,3
774,221,4
774,85,1
774,99,3
774,314,4
774,240,5
775,159,2
775,82,3
775,85,3
775,128,2
775,215,4
775,244,5
775,242,3
775,264,4
776,279,5
776,94,5
776,296,1
776,142,2
776,325,2
776,100,5
776,247,3
776,155,1
776,191,5
776,246,2
776,138,1
776,106,4
776,267,5
777,176,4
777,214,4
777,176,3
777,315,5
777,186,2
777,234,5
777,213,2
777,198,4
777,203,3
777,124,2
777,229,1
777,161,1
777,166,2
778,216,1
778,171,3
778,202,4
778,298,2
778,141,1
778,324,3
778,244,5
778,219,5
778,334,5
778,314,3
778,240,2
778,215,4
778,80,1
779,327,2
779,178,1
779,294,3
779,175,4
779,235,3
779,172,1
779,276,4
779,103,4
779,282,5
779,247,2
779,177,4
780,146,1
780,294,4
780,83,3
780,203,1
780,129,2
780,230,2
780,280,5
780,222,2
780,263,4
780,219,2
781,293,2
781,94,5
781,72,1
781,336,3
781,145,4
781,316,1
781,255,4
781,272,4
781,285,1
781,95,2
781,120,2
781,207,4
781,214,4
781,109,1
782,287,3
782,290,1
782,326,2
782,269,1
782,95,2
782,290,1
782,103,3
782,210,5
782,205,5
782,106,4
782,125,5
782,333,1
782,93,2
782,198,3
782,120,4
783,143,5
783,172,4
783,145,4
783,92,1
783,299,3
783,294,4
783,155,4
783,335,4
783,307,2
783,167,1
783,298,2
783,274,4
784,127,1
784,83,1
784,237,2
784,142,2
784,162,1
784,131,3
785,121,3
785,238,5
785,312,2
785,288,3
785,115,2
785,329,2
785,110,5
785,253,2
785,124,5
786,83,5
786,244,3
786,267,4
786,158,4
786,209,1
786,70,4
787,122,3
787,92,5
787,124,1
787,239,5
787,158,2
787,287,4
787,122,4
787,110,4
787,134,4
787,73,4
787,230,5
787,117,2
787,116,4
787,122,2
787,186,1
788,150,1
788,194,4
788,313,3
788,322,5
788,340,2
788,197,5
788,122,5
788,290,4
788,203,2
788,87,1
788,93,2
788,295,2
788,70,4
788,300,3
788,225,4
789,156,5
789,256,1
789,214,5
789,264,2
789,142,2
789,145,5
789,314,5
789,100,1
790,233,2
790,126,3
790,231,1
790,173,3
790,188,2
790,192,5
790,140,1
790,239,5
790,195,2
790,292,5
790,130,4
790,134,1
790,102,5
791,218,1
791,253,1
791,171,5
791,204,3
791,328,5
792,153,5
792,219,3
792,214,5
792,300,1
792,120,3
792,291,2
792,219,2
792,187,2
792,320,3
792,95,4
793,294,5
793,152,4
793,229,2
793,159,5
793,315,4
793,235,2
793,326,2
793,274,4
793,72,1
793,246,2
793,196,5
794,178,2
794,180,5
794,338,4
794,123,5
794,175,5
794,254,5
794,75,4
794,151,2
794,340,5
794,298,2
794,124,5
794,213,2
794,216,1
795,329,1
795,335,5
795,258,4
795,216,1
795,303,4
795,230,4
795,112,2
795,321,5
795,307,1
795,105,4
795,336,1
795,317,1
796,277,3
796,296,4
796,211,1
796,195,3
796,199,3
796,267,3
796,105,5
796,115,2
796,276,5
796,202,2
796,138,4
796,269,4
796,135,3
796,164,4
797,278,1
797,75,5
797,215,1
797,131,3
797,102,5
797,109,2
797,91,1
797,74,3
797,296,3
797,256,3
797,297,3
797,244,5
797,293,4
797,112,1
798,207,3
798,233,5
798,239,3
798,91,2
798,162,5
798,207,1
798,329,3
798,208,1
798,337,4
798,338,5
798,169,1
798,291,3
798,122,3
798,213,2
799,319,3
799,291,4
799,108,2
799,75,1
799,262,2
799,223,4
799,193,5
799,148,1
799,283,3
799,102,5
800,251,5
800,288,4
800,119,1
800,301,5
800,249,3
801,78,2
801,254,4
801,222,3
801,92,3
801,180,2
801,237,2
801,243,4
802,298,3
802,276,4
802,327,5
802,234,4
802,273,1
802,235,1
802,128,4
802,170,1
802,199,3
802,319,3
802,188,5
802,263,3
802,290,3
802,299,3
802,200,2
803,158,5
803,248,4
803,123,5
803,155,1
803,76,5
804,340,3
804,154,5
804,143,4
804,105,3
804,98,3
805,94,5
805,264,1
805,107,1
805,184,2
805,182,5
805,179,4
806,218,4
806,181,4
806,237,1
806,127,1
806,151,2
806,275,1
806,244,2
807,273,2
807,218,3
807,222,5
807,135,4
807,290,1
807,319,4
807,87,2
808,146,3
808,116,5
808,204,1
808,263,4
808,325,4
808,257,4
808,169,2
808,321,1
808,244,1
809,219,3
809,213,1
809,82,5
809,158,5
809,214,2
809,306,2
809,183,1
809,234,2
809,190,3
809,150,3
809,331,5
810,225,4
810,274,5
810,74,5
810,337,3
810,128,4
811,152,5
811,201,5
811,330,1
811,88,5
811,224,3
811,246,1
811,276,4
811,297,3
811,296,3
811,146,4
811,293,4
811,89,1
811,306,2
811,195,3
812,103,4
812,96,5
812,312,1
812,333,5
812,319,5
812,261,3
812,290,5
812,196,4
812,103,3
812,226,2
812,232,3
813,92,2
813,327,4
813,331,3
813,149,5
813,336,1
813,274,3
813,237,5
813,218,4
813,248,2
814,232,2
814,312,4
814,147,2
814,99,4
814,336,1
814,127,3
814,74,1
814,127,4
814,204,2
814,145,2
814,79,5
814,315,4
814,92,4
814,282,5
814,139,4
815,262,5
815,101,4
815,130,1
815,156,1
815,282,1
815,239,1
815,102,4
816,298,4
816,90,3
816,154,2
816,122,3
816,249,3
816,234,3
817,174,3
817,92,5
817,84,1
817,158,3
817,305,2
817,143,3
817,83,5
817,224,4
817,198,1
817,106,2
817,296,4
817,281,3
817,137,5
817,93,1
818,98,2
818,100,5
818,276,2
818,133,2
818,113,4
818,330,3
818,322,2
818,234,1
818,82,3
819,190,4
819,312,3
819,140,4
819,276,5
819,95,4
820,275,4
820,298,3
820,145,1
820,161,4
820,78,4
820,122,1
821,292,5
821,304,3
821,305,2
821,136,1
821,107,3
821,243,4
821,332,4
821,218,1
821,291,4
821,117,3
821,170,5
821,332,2
821,247,1
821,81,3
822,327,4
822,337,1
822,262,1
822,286,2
822,105,1
822,112,5
822,294,4
822,155,3
822,152,5
822,147,4
822,187,3
822,117,4
823,123,4
823,269,1
823,278,2
823,147,1
823,77,2
823,165,3
823,137,3
823,138,5
823,89,1
823,74,1
823,323,5
823,225,3
823,211,3
823,270,3
823,176,4
824,166,2
824,95,5
824,288,1
824,248,3
824,87,4
824,274,4
824,70,1
824,110,3
825,119,1
825,262,2
825,177,4
825,198,4
825,245,3
825,111,1
825,108,5
825,308,2
825,203,2
825,213,4
825,264,2
825,253,4
825,109,2
825,155,4
825,72,4
826,221,5
826,219,5
826,109,5
826,317,1
826,318,1
826,99,2
826,182,3
826,232,3
826,322,1
826,145,3
826,244,4
826,228,3
826,216,4
827,307,4
827,106,4
827,80,2
827,76,3
827,140,3
827,76,2
827,280,1
827,75,2
827,337,4
828,304,1
828,282,1
828,211,4
828,302,5
828,218,3
828,268,3
828,114,5
828,131,1
828,207,5
829,69,1
829,248,1
829,188,2
829,193,5
829,257,4
829,253,2
829,210,3
830,258,1
830,252,2
830,78,3
830,231,3
830,189,3
830,232,2
830,226,2
830,207,5
830,152,4
830,205,3
830,308,2
830,325,5
830,301,1
830,226,5
830,323,5
831,306,1
831,175,3
831,80,1
831,78,5
831,306,4
831,71,5
831,325,3
831,147,1
831,316,4
831,307,1
832,279,2
832,241,2
832,269,2
832,232,1
832,91,5
832,98,2
832,116,4
832,308,4
832,163,3
832,71,1
832,154,5
832,172,5
833,306,4
833,309,2
833,172,4
833,143,4
833,329,5
833,136,3
834,89,3
834,90,2
834,170,2
834,303,3
834,239,5
834,294,3
834,85,3
834,318,1
834,83,2
834,77,3
834,269,2
834,156,4
834,139,1
835,186,4
835,186,2
835,287,5
835,90,5
835,249,5
835,203,1
835,136,2
835,247,4
835,244,2
835,165,5
835,285,5
835,254,1
835,283,3
836,235,2
836,247,5
836,146,5
836,188,3
836,236,2
836,71,2
836,270,4
836,263,3
837,92,3
837,212,2
837,134,3
837,317,5
837,83,3
837,90,2
837,126,5
837,132,1
837,264,2
838,135,5
838,195,3
838,225,5
838,299,4
838,116,2
838,91,5
838,69,3
838,314,1
838,154,2
839,95,5
839,269,2
839,85,3
839,158,4
839,166,3
839,86,5
839,87,3
839,104,4
839,220,1
839,135,3
840,101,2
840,200,5
840,194,3
840,120,4
840,136,3
840,313,4
840,162,1
840,264,1
840,209,1
840,218,3
840,330,1
840,271,1
840,77,1
840,288,1
840,235,1
841,309,3
841,315,5
841,329,3
841,248,3
841,211,5
841,250,2
841,277,3
841,163,4
841,328,1
841,170,3
841,319,5
841,268,4
841,285,5
841,134,5
841,243,5
842,314,1
842,199,5
842,88,1
842,126,3
842,170,1
843,301,1
843,301,5
843,340,4
843,181,1
843,153,1
843,154,2
843,181,4
843,285,5
843,286,1
843,315,1
843,191,5
843,309,5
843,304,3
843,317,2
844,261,5
844,216,5
844,267,4
844,85,5
844,322,2
844,138,3
844,271,4
845,191,5
845,135,5
845,323,1
845,87,5
845,340,3
845,184,5
845,287,2
845,98,5
846,118,4
846,271,4
846,97,3
846,270,1
846,128,3
846,182,5
846,151,1
846,215,1
846,302,4
846,161,3
846,305,2
846,224,1
846,241,1
847,302,1
847,140,2
847,325,3
847,123,2
847,274,4
847,91,3
847,270,1
847,274,3
847,293,3
847,160,5
847,300,2
847,135,3
847,91,4
847,164,5
848,85,2
848,83,1
848,177,3
848,225,4
848,200,5
849,212,5
849,107,5
849,269,5
849,326,1
849,165,1
849,338,1
849,248,3
849,330,1
849,133,5
850,120,3
850,246,1
850,246,1
850,269,1
850,283,5
850,136,2
850,115,1
850,334,3
850,131,2
850,136,3
850,244,4
850,221,4
850,227,2
850,86,3
850,300,1
851,188,2
851,102,4
851,202,5
851,89,5
851,119,1
851,214,5
852,102,3
852,179,2
852,180,1
852,237,2
852,96,1
853,115,5
853,179,1
853,89,2
853,180,5
853,212,4
853,313,5
853,81,3
853,119,2
853,165,4
853,313,1
853,180,2
853,305,4
853,226,2
854,153,4
854,117,2
854,266,1
854,214,3
854,140,4
854,258,4
854,339,4
854,204,5
854,140,5
854,171,1
854,258,4
854,214,3
854,108,1
854,120,4
854,213,4
855,167,4
855,141,2
855,96,5
855,306,5
855,254,1
855,74,5
856,88,2
856,73,1
856,77,3
856,211,2
856,112,4
857,324,2
857,174,4
857,167,1
857,84,5
857,129,3
857,121,3
857,265,4
857,110,5
857,214,5
857,233,4
857,260,5
858,332,1
858,140,5
858,219,1
858,276,4
858,152,2
858,152,1
859,181,4
859,82,2
859,269,5
859,130,3
859,300,1
859,245,3
859,72,5
859,151,2
859,163,3
859,84,3
860,276,2
860,112,3
860,208,4
860,322,3
860,161,2
860,141,1
860,254,2
860,262,3
860,114,1
860,250,1
861,337,4
861,320,5
861,147,4
861,316,1
861,209,3
861,143,4
861,321,1
861,187,4
861,279,1
861,173,5
861,288,2
861,209,3
861,300,2
862,133,5
862,320,1
862,302,2
862,271,1
862,313,4
862,302,2
862,317,4
862,215,5
862,152,4
863,161,4
863,271,5
863,330,3
863,277,5
863,93,2
863,336,5
863,332,1
864,153,4
864,136,2
864,268,4
864,218,5
864,129,4
864,336,2
864,96,4
864,116,5
864,331,1
864,158,1
864,272,3
864,292,5
864,107,3
865,127,5
865,334,4
865,303,5
865,283,5
865,321,3
865,153,1
866,90,1
866,179,5
866,244,4
866,260,5
866,265,3
866,301,5
866,335,5
866,288,4
866,261,5
866,322,3
866,219,1
866,165,4
866,174,1
867,69,2
867,220,2
867,243,1
867,187,1
867,254,5
867,263,3
867,152,1
867,330,2
868,89,2
868,83,5
868,248,2
868,153,4
868,335,5
868,110,5
868,175,5
868,238,3
868,115,3
868,180,2
868,191,1
868,117,5
868,79,1
868,210,5
869,246,2
869,286,4
869,74,2
869,221,3
869,187,1
869,272,2
869,317,4
869,285,2
869,235,4
869,336,2
869,182,3
869,203,4
869,148,4
869,308,5
869,191,1
870,284,2
870,294,4
870,307,1
870,219,1
870,293,1
870,171,5
870,93,1
870,334,1
870,306,5
870,289,3
870,75,4
870,143,2
870,125,5
870,205,4
871,96,2
871,306,5
871,232,3
871,185,3
871,163,2
871,276,2
871,176,1
871,338,5
871,182,4
871,205,5
871,84,5
871,138,4
871,138,3
871,171,1
871,235,4
872,136,2
872,305,1
872,174,2
872,277,5
872,100,5
872,81,5
872,135,1
873,173,3
873,256,4
873,299,2
873,251,1
873,294,2
873,123,5
873,202,1
873,207,1
873,166,4
874,297,4
874,329,5
874,108,3
874,135,5
874,227,4
874,79,3
874,117,5
874,164,3
875,88,3
875,178,1
875,299,5
875,226,1
875,317,5
875,202,5
875,72,1
875,209,1
875,89,1
875,116,3
875,232,3
875,113,5
876,129,4
876,125,4
876,330,2
876,210,4
876,303,1
876,70,3
876,71,3
876,158,5
876,89,2
876,117,4
877,287,3
877,137,3
877,315,5
877,189,5
877,161,1
877,210,5
877,88,2
877,72,5
877,112,4
877,84,5
877,332,5
877,144,2
877,237,3
877,198,5
877,197,3
878,249,3
878,153,1
878,168,2
878,168,1
878,248,3
878,159,3
878,104,3
878,130,3
878,156,1
878,76,1
879,272,4
879,129,5
879,208,1
879,102,2
879,141,3
879,162,4
879,70,2
879,263,2
880,184,2
880,281,3
880,213,1
880,257,5
880,112,1
880,316,1
880,144,3
880,252,4
880,226,1
880,192,1
881,249,3
881,217,1
881,133,1
881,213,4
881,287,5
881,221,1
881,311,1
881,112,4
881,219,4
881,199,4
881,120,4
882,216,4
882,111,5
882,274,3
882,180,4
882,293,2
883,332,4
883,304,1
883,148,3
883,233,3
883,233,4
883,122,2
883,112,4
883,87,2
883,179,5
884,183,1
884,172,1
884,190,5
884,134,1
884,157,5
885,285,5
885,76,5
885,139,4
885,83,2
885,143,1
885,100,4
885,158,1
885,263,2
885,227,4
885,183,2
885,171,5
885,241,3
885,242,2
886,112,1
886,146,5
886,190,4
886,318,1
886,84,2
886,247,1
886,147,4
886,216,1
886,202,3
886,112,2
886,199,1
886,308,3
886,209,1
886,294,5
886,310,3
887,311,1
887,266,4
887,154,2
887,308,2
887,88,4
887,193,3
887,321,2
887,174,4
887,205,3
887,200,3
887,285,2
887,170,5
887,296,5
887,202,3
888,169,2
888,172,4
888,202,1
888,207,3
888,206,3
888,80,3
888,206,2
888,185,3
888,240,5
888,271,5
888,313,3
888,79,2
889,246,5
889,122,1
889,291,5
889,313,5
889,123,5
889,119,4
889,312,1
889,72,4
889,254,2
890,223,2
890,125,2
890,131,5
890,257,3
890,129,1
891,269,3
891,230,4
891,157,2
891,87,1
891,325,5
891,168,3
891,109,4
891,78,3
891,213,3
891,116,5
891,330,3
891,75,1
891,329,4
891,332,1
891,97,2
892,88,2
892,105,2
892,214,5
892,183,2
892,320,2
892,280,1
892,258,4
892,129,3
892,286,5
892,230,2
892,255,2
892,185,5
892,202,2
892,211,5
892,217,2
893,320,3
893,222,2
893,295,1
893,154,2
893,321,2
893,129,2
893,107,2
894,108,5
894,311,1
894,196,3
894,72,1
894,252,1
894,283,4
894,304,1
895,178,1
895,85,2
895,99,3
895,145,2
895,121,2
895,179,4
895,126,3
895,199,4
895,340,5
895,249,1
896,204,3
896,103,2
896,103,4
896,153,2
896,106,5
896,153,5
896,205,4
896,305,3
896,296,4
896,265,1
896,131,3
897,322,4
897,186,1
897,244,5
897,116,4
897,300,1
897,124,4
897,190,2
897,319,3
897,92,4
897,264,2
898,214,5
898,212,5
898,274,5
898,264,1
898,255,1
898,278,3
898,309,2
898,97,1
898,143,1
898,145,4
898,264,3
898,315,5
898,112,3
898,95,5
898,71,3
899,334,2
899,331,2
899,283,2
899,140,2
899,303,5
899,185,4
899,180,2
899,176,5
900,311,2
900,234,2
900,284,3
900,209,5
900,231,1
900,279,2
900,119,2
900,279,2
900,181,5
900,192,5
900,83,1
900,267,5
900,253,3
901,196,1
901,221,1
901,252,5
901,109,5
901,158,1
901,75,1
901,243,2
901,255,3
901,122,2
901,95,3
901,167,2
901,178,5
901,70,5
901,127,4
902,124,5
902,166,1
902,196,1
902,306,3
902,94,2
902,302,2
902,295,3
902,328,2
902,206,5
902,171,5
902,320,3
903,324,4
903,247,1
903,199,3
903,140,5
903,188,3
903,121,4
903,282,3
903,206,1
903,162,1
903,150,5
903,210,4
903,319,5
904,280,2
904,111,2
904,108,3
904,340,2
904,114,2
904,160,2
904,130,1
904,73,1
904,217,2
904,322,4
905,130,2
905,260,4
905,336,5
905,318,4
905,194,5
905,321,5
905,177,1
905,227,5
905,194,3
905,281,1
905,114,2
905,152,3
905,173,3
905,227,2
906,295,5
906,231,4
906,278,5
906,161,3
906,111,1
906,75,1
906,70,3
906,107,2
906,133,2
907,129,5
907,282,3
907,305,4
907,322,1
907,143,2
907,149,5
907,96,1
907,323,2
908,285,3
908,179,1
908,139,3
908,107,2
908,182,1
908,141,2
908,224,2
909,260,4
909,337,5
909,222,4
909,216,4
909,235,3
909,318,5
910,145,1
910,235,5
910,294,3
910,308,3
910,294,3
910,153,2
910,240,2
910,187,3
910,117,2
910,144,5
910,318,3
910,250,3
911,258,5
911,314,5
911,317,3
911,216,1
911,145,5
911,97,3
911,248,5
911,199,5
911,326,5
911,263,4
911,262,3
912,274,3
912,257,2
912,235,3
912,257,3
912,145,3
912,318,3
912,226,1
912,86,2
912,211,4
912,113,2
913,166,4
913,135,2
913,201,2
913,268,5
913,330,3
913,198,3
913,264,2
913,296,5
914,128,3
914,218,3
914,69,1
914,161,1
914,152,5
914,305,1
914,147,1
914,150,5
914,253,2
914,243,2
914,169,5
914,133,1
914,277,2
915,152,2
915,134,5
915,111,3
915,124,4
915,92,2
915,155,2
915,195,1
915,189,5
915,321,1
915,254,1
915,94,5
915,131,4
915,161,5
915,314,2
916,196,3
916,339,3
916,99,3
916,122,1
916,172,2
916,155,4
917,199,1
917,190,3
917,309,5
917,146,1
917,323,2
917,99,2
917,96,2
918,245,2
918,127,2
918,147,1
918,120,1
918,322,4
918,276,4
918,221,1
918,192,1
918,76,1
918,121,2
918,82,4
919,309,2
919,309,5
919,237,2
919,171,3
919,205,3
919,226,2
920,80,4
920,225,4
920,70,5
920,90,4
920,201,1
920,155,3
920,321,3
920,321,4
920,91,2
920,263,1
920,100,1
920,171,5
920,217,4
921,77,3
921,327,1
921,292,4
921,280,3
921,199,2
921,70,4
921,311,1
921,83,4
922,216,5
922,204,3
922,117,3
922,157,3
922,181,1
922,118,4
922,264,4
922,137,4
923,277,2
923,103,1
923,165,5
923,315,5
923,253,2
923,296,5
923,190,2
923,247,3
923,254,1
923,334,3
924,98,3
924,281,1
924,130,2
924,308,2
924,250,2
924,84,5
924,137,2
924,301,3
924,165,1
924,213,3
924,147,3
924,287,3
924,76,2
924,268,1
924,234,5
925,274,2
925,314,1
925,168,5
925,258,3
925,322,5
925,109,5
925,336,5
925,225,4
925,88,4
925,167,2
925,244,3
926,274,3
926,191,3
926,311,3
926,101,4
926,115,1
926,286,5
926,109,5
926,239,4
926,105,3
926,287,5
926,142,5
926,80,5
926,322,1
926,191,5
927,139,1
927,244,2
927,214,3
927,228,5
927,77,2
928,193,3
928,293,3
928,329,4
928,277,1
928,273,4
928,186,5
928,202,3
928,95,4
928,313,4
928,307,4
928,76,3
928,193,4
928,300,4
928,199,1
929,210,3
929,143,3
929,309,4
929,160,5
929,297,5
929,263,4
929,103,2
929,234,3
929,198,1
929,338,3
929,95,5
929,271,2
929,269,4
929,283,5
929,286,1
930,338,3
930,217,3
930,331,3
930,171,1
930,89,1
930,334,1
930,112,4
931,330,1
931,234,4
931,230,4
931,80,4
931,223,3
931,114,3
932,231,4
932,186,2
932,83,2
932,329,4
932,261,1
932,128,2
932,140,5
932,120,5
932,119,4
932,323,1
932,198,4
933,200,1
933,143,1
933,219,3
933,319,2
933,134,5
933,158,2
933,332,2
934,305,5
934,114,4
934,247,5
934,260,3
934,142,1
934,299,4
934,126,3
934,106,3
934,267,2
934,112,2
934,324,2
934,258,5
934,96,5
934,90,3
934,151,1
935,273,3
935,173,4
935,221,2
935,125,3
935,251,4
935,156,1
935,236,3
935,83,2
935,197,3
935,110,1
935,163,4
935,267,5
936,254,4
936,86,5
936,318,5
936,222,3
936,245,4
936,235,1
936,333,4
937,292,1
937,75,2
937,128,1
937,159,5
937,78,3
937,294,1
938,222,1
938,86,3
938,263,2
938,196,2
938,108,2
938,225,4
938,285,2
938,336,3
938,284,4
939,308,5
939,167,1
939,319,5
939,339,1
939,145,1
940,258,4
940,112,1
940,106,4
940,73,1
940,185,1
940,209,2
940,227,4
941,272,4
941,246,5
941,287,1
941,126,4
941,97,5
941,290,1
941,251,2
941,258,3
942,211,1
942,145,5
942,162,3
942,190,2
942,231,3
942,178,3
942,119,1
942,291,4
942,314,5
942,190,5
942,335,1
942,255,4
942,230,3
942,333,3
943,112,2
943,74,1
943,150,1
943,101,4
943,156,3
943,270,3
944,230,3
944,211,3
944,192,4
944,223,4
944,336,5
944,137,4
944,256,2
944,181,2
944,171,4
945,172,1
945,274,3
945,255,2
945,101,2
945,212,1
945,80,4
945,218,3
945,220,3
945,272,1
945,277,5
946,210,4
946,110,3
946,210,5
946,306,5
946,195,2
946,213,5
946,145,4
946,120,3
946,289,3
946,322,3
946,244,2
946,146,5
947,281,2
947,236,2
947,303,2
947,270,3
947,275,2
947,312,1
947,243,1
947,70,2
947,71,4
947,283,3
947,144,4
947,125,3
947,304,4
947,318,3
948,223,4
948,193,3
948,166,2
948,83,4
948,280,1
948,294,4
948,129,2
948,182,1
948,196,1
948,129,5
948,130,2
948,202,2
948,265,5
948,226,5
949,226,1
949,136,4
949,253,5
949,268,2
949,270,3
949,228,5
949,307,5
950,320,3
950,135,1
950,105,2
950,154,2
950,145,4
950,150,2
951,285,1
951,146,2
951,242,5
951,274,4
951,137,2
951,121,2
951,83,5
951,296,3
951,200,4
951,117,1
951,254,3
951,312,4
952,104,4
952,271,5
952,193,2
952,263,4
952,318,1
952,330,3
952,98,1
952,91,5
952,171,2
952,274,3
952,179,3
952,227,1
952,226,2
952,323,5
953,206,4
953,255,5
953,75,2
953,104,5
953,332,3
953,338,1
953,225,4
953,121,4
953,80,4
953,106,1
954,213,1
954,132,5
954,158,5
954,129,4
954,314,2
954,325,4
954,110,5
954,208,1
954,315,1
954,320,1
954,236,2
954,238,1
954,240,2
954,305,3
954,220,1
955,310,1
955,297,2
955,309,4
955,126,1
955,71,5
955,100,3
955,129,4
955,208,4
955,331,4
955,322,2
956,106,5
956,88,5
956,167,3
956,76,5
956,215,5
956,246,1
956,235,5
957,280,3
957,265,5
957,329,5
957,195,5
957,167,5
957,203,2
957,280,2
957,266,4
957,272,2
957,225,3
957,156,3
958,332,5
958,294,5
958,266,1
958,330,5
958,127,3
959,219,4
959,112,4
959,258,4
959,149,5
959,264,3
959,128,2
959,232,2
959,229,5
959,288,4
959,164,3
959,287,5
959,102,5
959,191,3
959,103,2
960,283,1
960,116,1
960,91,5
960,127,1
960,340,4
960,105,1
960,254,1
960,289,1
960,254,5
960,149,1
960,132,4
960,71,1
961,321,3
961,196,5
961,311,5
961,292,4
961,305,3
961,174,4
961,70,4
961,190,1
961,151,4
961,172,1
961,147,5
961,274,1
962,133,4
962,239,2
962,181,3
962,317,3
962,108,1
962,126,5
962,230,4
962,226,4
962,267,2
962,274,2
962,329,1
962,84,1
963,268,4
963,75,1
963,279,1
963,132,4
963,336,3
963,302,4
963,311,1
963,268,2
963,258,3
963,202,1
963,116,2
964,94,3
964,191,3
964,185,5
964,217,4
964,314,4
964,242,3
965,113,1
965,89,1
965,117,3
965,136,3
965,112,4
965,185,2
965,74,1
965,126,2
966,249,5
966,297,4
966,317,3
966,85,2
966,180,2
966,202,4
966,96,4
966,305,1
966,211,3
966,141,4
966,71,3
966,326,5
966,176,4
966,229,3
967,162,3
967,259,5
967,197,3
967,267,5
967,201,1
968,309,1
968,335,2
968,255,2
968,137,2
968,299,3
968,318,3
968,199,4
968,330,3
969,80,2
969,264,1
969,180,3
969,162,3
969,242,3
969,228,5
969,190,4
969,123,4
969,190,4
969,172,1
969,92,4
969,188,5
969,97,2
969,302,5
970,103,3
970,209,5
970,93,4
970,307,5
970,181,3
970,239,2
970,142,3
970,183,4
970,73,1
970,218,5
971,265,4
971,117,5
971,225,5
971,300,2
971,303,1
971,269,4
971,327,4
971,291,3
971,104,1
971,257,4
972,278,3
972,268,4
972,269,3
972,287,5
972,88,4
973,274,2
973,206,3
973,75,5
973,108,4
973,151,2
973,252,2
973,171,2
973,175,5
973,246,5
974,217,1
974,79,4
974,340,5
974,107,2
974,226,2
974,220,1
975,255,4
975,209,4
975,159,2
975,253,4
975,336,5
975,85,5
975,250,4
975,328,1
975,87,4
976,237,4
976,169,3
976,187,1
976,245,3
976,296,4
976,75,1
976,330,5
977,217,4
977,197,2
977,313,1
977,78,2
977,202,3
977,172,5
977,155,4
977,139,5
977,300,3
977,322,1
977,97,1
978,249,4
978,302,2
978,151,3
978,179,2
978,298,5
979,282,3
979,283,3
979,175,1
979,90,2
979,136,1
979,305,4
979,160,3
979,177,3
979,149,5
979,187,4
979,138,1
980,110,3
980,104,5
980,189,2
980,295,5
980,206,4
980,319,3
980,240,1
980,116,4
980,255,5
980,93,3
980,298,2
981,315,1
981,177,3
981,332,4
981,71,3
981,340,2
981,261,3
981,134,3
981,284,2
981,293,2
981,315,3
981,191,5
981,311,5
981,242,1
981,110,2
982,150,1
982,156,4
982,338,1
982,303,1
982,302,2
982,102,3
982,75,4
982,84,5
982,152,5
982,128,3
982,106,3
982,218,2
982,79,5
982,251,4
983,126,1
983,204,5
983,203,2
983,84,2
983,259,2
984,82,5
984,279,4
984,211,1
984,225,3
984,269,3
985,226,3
985,198,5
985,274,2
985,207,2
985,137,1
985,98,4
985,114,1
985,73,2
985,212,4
985,285,2
985,142,5
985,266,2
985,159,3
986,301,4
986,188,2
986,269,4
986,127,5
986,170,1
986,142,1
986,283,2
986,241,1
986,340,5
986,271,2
986,81,2
986,147,4
986,133,1
986,88,5
986,264,3
987,310,1
987,122,3
987,307,5
987,226,3
987,70,1
987,156,2
987,308,5
987,208,5
987,178,4
987,131,2
987,323,3
987,159,4
987,186,4
987,106,1
988,186,2
988,324,3
988,180,1
988,318,4
988,186,5
988,304,3
988,179,3
988,303,4
988,194,4
988,203,3
988,320,1
988,153,1
988,204,2
989,152,5
989,77,3
989,192,4
989,170,1
989,74,5
989,134,4
989,196,2
989,243,4
989,257,2
989,190,5
990,157,5
990,334,5
990,92,4
990,320,1
990,266,5
990,276,5
990,266,3
990,76,4
990,220,5
990,158,4
991,125,3
991,317,4
991,184,2
991,126,1
991,194,3
991,158,1
991,103,4
991,323,3
992,134,2
992,301,1
992,87,5
992,164,1
992,263,2
992,208,3
992,243,4
992,231,5
992,82,2
992,115,4
992,273,3
992,304,3
992,310,1
992,222,3
992,96,2
993,137,5
993,154,1
993,263,3
993,169,5
993,312,4
993,293,4
993,78,2
994,188,1
994,132,5
994,159,2
994,127,4
994,280,2
994,93,5
995,254,2
995,300,4
995,175,3
995,261,5
995,115,1
995,218,1
995,253,4
995,331,1
995,193,1
995,71,2
996,190,2
996,89,3
996,121,1
996,159,2
996,251,5
996,258,2
996,328,4
996,109,3
996,324,5
996,83,2
996,258,1
996,313,2
997,143,2
997,152,1
997,165,2
997,271,3
997,274,1
997,91,1
997,314,1
997,320,3
997,153,4
997,280,3
998,94,4
998,153,4
998,287,4
998,175,3
998,298,1
998,256,4
998,246,1
998,262,1
998,187,4
998,268,2
998,252,3
998,172,4
998,322,3
998,317,3
998,156,1
999,277,3
999,228,5
999,76,2
999,293,2
999,321,4
999,306,5
999,278,4
999,129,2
999,75,4
999,157,2
999,189,4
999,256,5
999,102,3
999,102,3
999,118,3
1000,265,3
1000,260,2
1000,260,5
1000,173,2
1000,272,3
1000,281,1
